FID,gid,entidad,objeto,fna,gna,nam,sag,fun,geom,fdc
areas_de_actividad_agropecuaria_AL270.1282,1282,2,Establecimiento Agropecuario,,,,IGN,-1,"MULTIPOLYGON (((-59.098807705999945 -35.20249080599996, -59.098833371999945 -35.202546266999946, -59.100780860999976 -35.20211895399996, -59.10061429899997 -35.20160023099993, -59.09863013599994 -35.20210709099996, -59.098807705999945 -35.20249080599996)))",Esri-World_Imagery 2010
areas_de_actividad_agropecuaria_AL270.730,730,2,Establecimiento Agropecuario,,,,IGN,-1,"MULTIPOLYGON (((-58.21326387199997 -34.89510451399997, -58.214061319999985 -34.89580262099997, -58.21562310899998 -34.89455688499993, -58.21480765399997 -34.89386656499994, -58.21326387199997 -34.89510451399997)))",IGN
areas_de_actividad_agropecuaria_AL270.731,731,2,Establecimiento Agropecuario,,,,IGN,-1,"MULTIPOLYGON (((-58.23256479299994 -34.89400207199998, -58.231710765999935 -34.89326250999994, -58.23098466199997 -34.893821342999956, -58.231878766999955 -34.89455172099997, -58.23256479299994 -34.89400207199998)))",IGN
areas_de_actividad_agropecuaria_AL270.732,732,2,Establecimiento Agropecuario,,,,IGN,-1,"MULTIPOLYGON (((-58.22767146299998 -34.89394671799994, -58.227672394999956 -34.893946005999965, -58.22781617399994 -34.89383609999993, -58.22866952199996 -34.89317398999998, -58.22879260099995 -34.89306962599994, -58.22864520799993 -34.89291437199995, -58.22811021899997 -34.892448144999946, -58.22787922899994 -34.89224886599993, -58.22774686599996 -34.892134673999976, -58.226624268999956 -34.892967959999964, -58.22767146299998 -34.89394671799994)))",IGN
areas_de_actividad_agropecuaria_AL270.733,733,2,Establecimiento Agropecuario,,,,IGN,-1,"MULTIPOLYGON (((-58.211060628999974 -34.891468102999966, -58.21025267899995 -34.890842401999976, -58.209806166999954 -34.89118309999998, -58.21061213699994 -34.89181570499994, -58.211060628999974 -34.891468102999966)))",IGN
areas_de_actividad_agropecuaria_AL270.734,734,2,Establecimiento Agropecuario,,,,IGN,-1,"MULTIPOLYGON (((-58.21739478999996 -34.88470335299996, -58.217396159999964 -34.884704528999976, -58.21742922799996 -34.88473291199995, -58.21771676599997 -34.88499676799995, -58.217983766999964 -34.88521290799997, -58.21803902999994 -34.88525764299993, -58.21887267699998 -34.884551329999965, -58.21822562099993 -34.88404508999997, -58.21739478999996 -34.88470335299996)))",IGN
areas_de_actividad_agropecuaria_AL270.735,735,2,Establecimiento Agropecuario,,,,IGN,-1,"MULTIPOLYGON (((-58.21501555999998 -34.882637424999984, -58.215009617999954 -34.88263218299994, -58.21496432499998 -34.882592226999975, -58.21435239099998 -34.88207434599997, -58.21410499799998 -34.88186893599993, -58.21342820899997 -34.882388671999934, -58.213214714999935 -34.882552620999945, -58.214081903999954 -34.88334182999995, -58.21501555999998 -34.882637424999984)))",IGN
areas_de_actividad_agropecuaria_AL270.736,736,2,Establecimiento Agropecuario,,,,IGN,-1,"MULTIPOLYGON (((-58.21094160999996 -34.879132467999966, -58.20976242099994 -34.88008357699994, -58.21073258299998 -34.88090629399994, -58.21103405699995 -34.88067249399995, -58.21162713899997 -34.880212540999935, -58.21191219299993 -34.87996998799997, -58.21096847899997 -34.87915565399993, -58.21094160999996 -34.879132467999966)))",IGN
areas_de_actividad_agropecuaria_AL270.737,737,2,Establecimiento Agropecuario,,,,IGN,-1,"MULTIPOLYGON (((-58.22108579099995 -34.87918896299993, -58.220912064999936 -34.87939886799995, -58.220874306999974 -34.87958525899995, -58.22090175699998 -34.879875925999954, -58.220912762999944 -34.880228761999945, -58.220979099999965 -34.88040933899998, -58.220957503999955 -34.880514484999935, -58.220930049999936 -34.88061492199995, -58.221116078999955 -34.880670287999976, -58.22129025299995 -34.88070669399997, -58.22151022799994 -34.88070925399995, -58.22163761199994 -34.88071274299995, -58.22178691899995 -34.880708743999946, -58.22179622699997 -34.88057584799998, -58.22185795599995 -34.88013649399994, -58.22189787399998 -34.879376727999954, -58.22189091299998 -34.87913865999997, -58.221169335999946 -34.87918835599993, -58.22108579099995 -34.87918896299993)))",IGN
areas_de_actividad_agropecuaria_AL270.738,738,2,Establecimiento Agropecuario,,,,IGN,-1,"MULTIPOLYGON (((-58.21629823699993 -34.87474750699994, -58.214990726999986 -34.87574459699994, -58.216095922999955 -34.876728895999975, -58.21740343499994 -34.87573179499998, -58.21629823699993 -34.87474750699994)))",IGN
areas_de_actividad_agropecuaria_AL270.739,739,2,Establecimiento Agropecuario,,,,IGN,-1,"MULTIPOLYGON (((-58.221209182999985 -34.86665259399996, -58.220451114999946 -34.86605303199997, -58.22017441599996 -34.86629068999997, -58.220932483999945 -34.86689025499993, -58.221209182999985 -34.86665259399996)))",IGN
areas_de_actividad_agropecuaria_AL270.740,740,2,Establecimiento Agropecuario,,,,IGN,-1,"MULTIPOLYGON (((-58.21563641299997 -34.859342218999984, -58.215816091999955 -34.85950090099993, -58.21632692199995 -34.859946295999976, -58.21675126799994 -34.86031719099998, -58.21764749699997 -34.86108090199997, -58.21817026999997 -34.86065680899998, -58.21841490999998 -34.860465413999975, -58.218799901999944 -34.86016121899996, -58.21766571499995 -34.85918314899993, -58.21645088899999 -34.85871238999994, -58.21563641299997 -34.859342218999984)))",IGN
areas_de_actividad_agropecuaria_AL270.741,741,2,Establecimiento Agropecuario,,,,IGN,-1,"MULTIPOLYGON (((-58.21508951299995 -34.85885922299997, -58.215685734999965 -34.85835755499994, -58.215735654999946 -34.85774638799995, -58.21564748999998 -34.85774464999997, -58.21554098599995 -34.857742550999944, -58.21541232799996 -34.85774001599998, -58.21437858599995 -34.85772027699994, -58.213755780999975 -34.857706148999966, -58.214046062999955 -34.857962148999945, -58.21435516699995 -34.85823600699996, -58.21468751599997 -34.858501530999945, -58.21501579699998 -34.85879411999997, -58.21508951299995 -34.85885922299997)))",IGN
areas_de_actividad_agropecuaria_AL270.742,742,2,Establecimiento Agropecuario,,,,IGN,-1,"MULTIPOLYGON (((-58.20751303199995 -34.908934174999956, -58.206845105999946 -34.90951110799995, -58.20767045599996 -34.91015952699996, -58.208338380999976 -34.90958258999996, -58.20751303199995 -34.908934174999956)))",IGN
areas_de_actividad_agropecuaria_AL270.743,743,2,Establecimiento Agropecuario,,,,IGN,-1,"MULTIPOLYGON (((-58.19925836699997 -34.91190750299995, -58.19959862099995 -34.911621845999946, -58.200191590999964 -34.911142935999976, -58.20065506999998 -34.91075695799998, -58.20080557499995 -34.91063464499996, -58.200897141999974 -34.91056023099998, -58.200999396999975 -34.91047712899996, -58.199804563999976 -34.90945704199993, -58.19786151999995 -34.91103143199996, -58.19775345599999 -34.91111899099997, -58.19787874199994 -34.91123080199998, -58.19793359499994 -34.91127975599994, -58.198099817999946 -34.91142809799993, -58.19873266299999 -34.911970811999936, -58.19885558399994 -34.912079921999975, -58.19892942699994 -34.912158991999945, -58.19908061599995 -34.91205672999996, -58.19917654999995 -34.91197619099995, -58.19925836699997 -34.91190750299995)))",IGN
areas_de_actividad_agropecuaria_AL270.744,744,2,Establecimiento Agropecuario,,,,IGN,-1,"MULTIPOLYGON (((-58.196145566999974 -34.914375665999955, -58.19504490299994 -34.915233383999976, -58.19672033699993 -34.916666678999945, -58.19672891799996 -34.916666678999945, -58.19749355299996 -34.91666668399995, -58.19819745299998 -34.91610165999998, -58.196145566999974 -34.914375665999955)))",IGN
areas_de_actividad_agropecuaria_AL270.745,745,2,Establecimiento Agropecuario,,,,IGN,-1,"MULTIPOLYGON (((-58.19234037099994 -34.91570607399996, -58.19118707999996 -34.91666667399994, -58.191666665999946 -34.91666666699996, -58.19332257599996 -34.91666667399994, -58.19341070399997 -34.916587505999985, -58.19316922799993 -34.916391644999976, -58.19261814699996 -34.915943169999935, -58.19241321499993 -34.91576824999993, -58.19234037099994 -34.91570607399996)))",IGN
areas_de_actividad_agropecuaria_AL270.746,746,2,Establecimiento Agropecuario,,,,IGN,-1,"MULTIPOLYGON (((-58.18861031199998 -34.912502150999956, -58.18728387999994 -34.913551677999976, -58.18786837499994 -34.91403245899994, -58.189169936999974 -34.91299222899994, -58.18861031199998 -34.912502150999956)))",IGN
areas_de_actividad_agropecuaria_AL270.747,747,2,Establecimiento Agropecuario,,,,IGN,-1,"MULTIPOLYGON (((-58.18798895899994 -34.91195794899994, -58.18853559099995 -34.91243670899996, -58.18867105399994 -34.91255535099998, -58.18913584099994 -34.912181879999935, -58.18877864099994 -34.91190397199995, -58.18863559399995 -34.912022225999976, -58.18828380699995 -34.911718030999964, -58.18798895899994 -34.91195794899994)))",IGN
areas_de_actividad_agropecuaria_AL270.748,748,2,Establecimiento Agropecuario,,,,IGN,-1,"MULTIPOLYGON (((-58.19012208699996 -34.90126792999996, -58.19015943799997 -34.901315573999966, -58.19019145899995 -34.901356419999956, -58.19064170599995 -34.90173610699998, -58.19125279799994 -34.90224471399995, -58.191366681999966 -34.902352244999975, -58.191492677999975 -34.902498538999964, -58.19156417999994 -34.90244059499997, -58.19157904799994 -34.902428347999944, -58.19256718799994 -34.90161442899995, -58.192708581999966 -34.90149796199995, -58.191236077999974 -34.90036662099993, -58.19012208699996 -34.90126792999996)))",IGN
areas_de_actividad_agropecuaria_AL270.749,749,2,Establecimiento Agropecuario,,,,IGN,-1,"MULTIPOLYGON (((-58.19083186199998 -34.896104710999964, -58.190393653999934 -34.896443631999944, -58.19108210799993 -34.89701519499994, -58.19153124999997 -34.89668189199995, -58.19083186199998 -34.896104710999964)))",IGN
areas_de_actividad_agropecuaria_AL270.750,750,2,Establecimiento Agropecuario,,,,IGN,-1,"MULTIPOLYGON (((-58.19810489399998 -34.88372458599997, -58.19810052999998 -34.88372817399994, -58.19805387599996 -34.88376653599994, -58.19781589899998 -34.88392277099996, -58.19767752699994 -34.88405244399996, -58.19739273799996 -34.88423719899998, -58.19730189899997 -34.88433022099997, -58.19724924999997 -34.88440011399996, -58.19794956199996 -34.885079462999954, -58.19883631099998 -34.88436244099995, -58.19810489399998 -34.88372458599997)))",IGN
areas_de_actividad_agropecuaria_AL270.751,751,2,Establecimiento Agropecuario,,,,IGN,-1,"MULTIPOLYGON (((-58.19573526399995 -34.88009733299998, -58.194337607999955 -34.87882501399997, -58.19281116099995 -34.88010824099996, -58.19425362499999 -34.88129839299995, -58.19573526399995 -34.88009733299998)))",IGN
areas_de_actividad_agropecuaria_AL270.752,752,2,Establecimiento Agropecuario,,,,IGN,-1,"MULTIPOLYGON (((-58.208774751999954 -34.87401564299995, -58.208380887999965 -34.87367480699993, -58.20831903599998 -34.873719301999984, -58.20808927499996 -34.873521263999976, -58.207798640999954 -34.87375118299997, -58.207742476999954 -34.87370976899996, -58.20748396699997 -34.873920288999955, -58.20774869899998 -34.87413515199995, -58.20779016599994 -34.87412138499997, -58.208179076999954 -34.874461261999954, -58.20824453399996 -34.87442412299998, -58.20827162699993 -34.874408750999976, -58.208355394999955 -34.87433148699995, -58.20843183499994 -34.87426098199995, -58.20860235799995 -34.87413898199998, -58.20876950999997 -34.87401939299997, -58.208774751999954 -34.87401564299995)))",IGN
areas_de_actividad_agropecuaria_AL270.753,753,2,Establecimiento Agropecuario,,,,IGN,-1,"MULTIPOLYGON (((-58.20771068899995 -34.85951421899995, -58.207118471999934 -34.859965855999974, -58.20702290299994 -34.86004085299993, -58.20745930399994 -34.86041712399998, -58.20758782699994 -34.86053064299995, -58.20780829499995 -34.86072537199993, -58.207867575999956 -34.860777730999985, -58.20843595599996 -34.86035141299993, -58.20802982899994 -34.860001171999954, -58.208180725999966 -34.859873755999956, -58.20771068899995 -34.85951421899995)))",IGN
areas_de_actividad_agropecuaria_AL270.754,754,2,Establecimiento Agropecuario,,,,IGN,-1,"MULTIPOLYGON (((-58.20965682399998 -34.88535644899997, -58.20848947999997 -34.88437029399995, -58.20816729799998 -34.884602435999966, -58.20822911099998 -34.88467336399998, -58.207889878999936 -34.88492713699998, -58.20896252499995 -34.88590107699997, -58.20965682399998 -34.88535644899997)))",IGN
areas_de_actividad_agropecuaria_AL270.755,755,2,Establecimiento Agropecuario,,,,IGN,-1,"MULTIPOLYGON (((-58.180920768999954 -34.91288328799993, -58.18137652099995 -34.91326112899998, -58.18216470699997 -34.91261602199995, -58.181708954999976 -34.91223818399993, -58.180920768999954 -34.91288328799993)))",IGN
areas_de_actividad_agropecuaria_AL270.756,756,2,Establecimiento Agropecuario,,,,IGN,-1,"MULTIPOLYGON (((-58.179455093999934 -34.91222209399996, -58.17941873399997 -34.91219096799995, -58.17909923499997 -34.91191745699996, -58.178768882999975 -34.91217930899995, -58.17909411699998 -34.91245773099996, -58.17913194099998 -34.912490110999954, -58.179455093999934 -34.91222209399996)))",IGN
areas_de_actividad_agropecuaria_AL270.757,757,2,Establecimiento Agropecuario,,,,IGN,-1,"MULTIPOLYGON (((-58.171023986999955 -34.90965723499994, -58.16957777199997 -34.91081446199996, -58.169087686999944 -34.91044953699998, -58.168185284999936 -34.91126228099995, -58.16837905799997 -34.911431343999936, -58.168619046999936 -34.91164072799995, -58.16862305799998 -34.91164422799994, -58.170747450999954 -34.91347488899993, -58.17086172599994 -34.913546107999935, -58.171039545999975 -34.913559601999964, -58.17106928199996 -34.91279405399996, -58.17110893399996 -34.91189087299995, -58.17113982199999 -34.91117775099997, -58.17116429899994 -34.91053998799998, -58.17118098699996 -34.910153872999956, -58.171202198999936 -34.90966305999996, -58.171023986999955 -34.90965723499994)))",IGN
areas_de_actividad_agropecuaria_AL270.759,759,2,Establecimiento Agropecuario,,,,IGN,-1,"MULTIPOLYGON (((-58.15701997799994 -34.907481892999954, -58.15581346099998 -34.90866366199998, -58.15637586299994 -34.90917753799994, -58.15710619399994 -34.908616123999934, -58.157334928999944 -34.90882499899993, -58.15756637399994 -34.90860816399993, -58.15770696799996 -34.90872487099995, -58.15813218499994 -34.90839171999994, -58.15701997799994 -34.907481892999954)))",IGN
areas_de_actividad_agropecuaria_AL270.760,760,2,Establecimiento Agropecuario,,,,IGN,-1,"MULTIPOLYGON (((-58.14992272099994 -34.905264848999934, -58.14961725799998 -34.90552458099995, -58.150117173999945 -34.905923593999944, -58.15042263699996 -34.90566385999995, -58.14992272099994 -34.905264848999934)))",IGN
areas_de_actividad_agropecuaria_AL270.761,761,2,Establecimiento Agropecuario,,,,IGN,-1,"MULTIPOLYGON (((-58.15813364999997 -34.89869816999993, -58.157702223999934 -34.899048594999954, -58.15807664199997 -34.899361487999954, -58.158591790999935 -34.89894305599995, -58.15870204399994 -34.89890255699993, -58.15863725799994 -34.89884583199995, -58.15830547199994 -34.89855532399997, -58.15813364999997 -34.89869816999993)))",IGN
areas_de_actividad_agropecuaria_AL270.762,762,2,Establecimiento Agropecuario,,,,IGN,-1,"MULTIPOLYGON (((-58.16736181799996 -34.89836846999998, -58.16512387599994 -34.90010795799998, -58.165170401999944 -34.90016540899995, -58.165236644999936 -34.900262098999974, -58.16535669499996 -34.90037601999995, -58.165421986999945 -34.90049893099996, -58.16556433599993 -34.900684783999964, -58.16573971099996 -34.90084601199993, -58.16587899499996 -34.900951377999945, -58.16611774399996 -34.90108714399997, -58.16622476499998 -34.90114152099994, -58.16633178699993 -34.90119589699998, -58.16624713099998 -34.90128122999994, -58.16621894699995 -34.90133515799994, -58.16625664199995 -34.90144211099994, -58.16735599699996 -34.902421240999956, -58.168407661999936 -34.901564536999956, -58.16854532699995 -34.900501805999966, -58.16856534699997 -34.90029732299996, -58.16856705499998 -34.90004564199995, -58.168569237999975 -34.89965512799995, -58.168529027999966 -34.89952031499996, -58.168349614999954 -34.89935767999998, -58.16813195699996 -34.899258146999955, -58.16798789599994 -34.899110132999965, -58.167773204999946 -34.89889694899995, -58.167778846999965 -34.89873094699993, -58.16757852599994 -34.89856034699994, -58.16736181799996 -34.89836846999998)))",IGN
areas_de_actividad_agropecuaria_AL270.763,763,2,Establecimiento Agropecuario,,,,IGN,-1,"MULTIPOLYGON (((-58.142551476999984 -34.905436796999936, -58.14182700899994 -34.906008800999984, -58.142747558999986 -34.906800060999956, -58.14347202699997 -34.90622805199996, -58.142551476999984 -34.905436796999936)))",IGN
areas_de_actividad_agropecuaria_AL270.764,764,2,Establecimiento Agropecuario,,,,IGN,-1,"MULTIPOLYGON (((-58.142470026999945 -34.910411334999935, -58.14242202999998 -34.910447535999936, -58.14237334599994 -34.910484259999976, -58.13983281299994 -34.912400624999975, -58.141633630999934 -34.91402058799997, -58.14422833399993 -34.91206332599995, -58.14427084799996 -34.91203125499993, -58.14429959199998 -34.91201013699998, -58.14427680599994 -34.91199026499993, -58.14409074599996 -34.91182799699993, -58.14402602599995 -34.911771553999984, -58.14388938899998 -34.91165238899998, -58.143365277999976 -34.911195291999945, -58.142470026999945 -34.910411334999935)))",IGN
areas_de_actividad_agropecuaria_AL270.765,765,2,Establecimiento Agropecuario,,,,IGN,-1,"MULTIPOLYGON (((-58.13689728099996 -34.90554913999995, -58.137548322999976 -34.90504595999994, -58.13634386899997 -34.90398830399994, -58.13569282699996 -34.904491476999965, -58.13689728099996 -34.90554913999995)))",IGN
areas_de_actividad_agropecuaria_AL270.766,766,2,Establecimiento Agropecuario,,,,IGN,-1,"MULTIPOLYGON (((-58.17637417599997 -34.852475166999966, -58.17603064999997 -34.85277298799997, -58.176636867999946 -34.853248160999954, -58.17698039399994 -34.85295033899996, -58.17637417599997 -34.852475166999966)))",IGN
areas_de_actividad_agropecuaria_AL270.827,827,2,Establecimiento Agropecuario,,,,IGN,-1,"MULTIPOLYGON (((-59.021058987999936 -35.158971502999975, -59.02145594499996 -35.159618716999944, -59.02314732999997 -35.15878165399994, -59.02258641099996 -35.15786692599994, -59.021058987999936 -35.158971502999975)))",Esri-word_Imagery_2010
areas_de_actividad_agropecuaria_AL270.818,818,2,Establecimiento Agropecuario,,,,IGN,-1,"MULTIPOLYGON (((-59.13195158999997 -35.16427511099994, -59.135416272999976 -35.16427511099994, -59.13542770799995 -35.16277717899993, -59.13200876299999 -35.16272000599997, -59.13195158999997 -35.16427511099994)))",Esri-word_Imagery_2010
areas_de_actividad_agropecuaria_AL270.819,819,2,Establecimiento Agropecuario,,,,IGN,-1,"MULTIPOLYGON (((-59.14143861699995 -35.163161257999946, -59.142604552999956 -35.16347058799994, -59.14312803399997 -35.162423624999974, -59.142604552999956 -35.162090500999966, -59.14198589299997 -35.16194773299998, -59.14143861699995 -35.163161257999946)))",Esri-word_Imagery_2010
areas_de_actividad_agropecuaria_AL270.820,820,2,Establecimiento Agropecuario,,,,IGN,-1,"MULTIPOLYGON (((-59.161330910999936 -35.14700471799995, -59.16247305199994 -35.14771855599997, -59.16373416599998 -35.14667159399994, -59.16242546299998 -35.14602913899995, -59.161330910999936 -35.14700471799995)))",Esri-word_Imagery_2010
areas_de_actividad_agropecuaria_AL270.821,821,2,Establecimiento Agropecuario,,,,IGN,-1,"MULTIPOLYGON (((-59.15719064899997 -35.15380997699998, -59.158427967999955 -35.15478555599998, -59.16016497499999 -35.15347685199998, -59.158570735999945 -35.152739218999955, -59.15719064899997 -35.15380997699998)))",Esri-word_Imagery_2010
areas_de_actividad_agropecuaria_AL270.822,822,2,Establecimiento Agropecuario,,,,IGN,-1,"MULTIPOLYGON (((-59.15088507699994 -35.160615234999966, -59.15102784499999 -35.161590813999965, -59.152384136999956 -35.161448045999975, -59.15219377999995 -35.16044867299996, -59.15088507699994 -35.160615234999966)))",Esri-word_Imagery_2010
areas_de_actividad_agropecuaria_AL270.823,823,2,Establecimiento Agropecuario,,,,IGN,-1,"MULTIPOLYGON (((-59.14581682499994 -35.14776614599998, -59.147577625999986 -35.14928900099994, -59.148648383999955 -35.14876551899994, -59.14688758199998 -35.14714748599994, -59.14581682499994 -35.14776614599998)))",Esri-word_Imagery_2010
areas_de_actividad_agropecuaria_AL270.824,824,2,Establecimiento Agropecuario,,,,IGN,-1,"MULTIPOLYGON (((-59.156072301999984 -35.15078806099996, -59.15780930799997 -35.15212055899997, -59.15930836899997 -35.15062149899995, -59.15757136199994 -35.149693508999974, -59.156072301999984 -35.15078806099996)))",Esri-word_Imagery_2010
areas_de_actividad_agropecuaria_AL270.825,825,2,Establecimiento Agropecuario,,,,IGN,-1,"MULTIPOLYGON (((-59.14308044499995 -35.164826880999954, -59.143984639999985 -35.165612102999944, -59.14538852199996 -35.164493756999946, -59.144650888999934 -35.16377991799993, -59.14308044499995 -35.164826880999954)))",Esri-word_Imagery_2010
areas_de_actividad_agropecuaria_AL270.826,826,2,Establecimiento Agropecuario,,,,IGN,-1,"MULTIPOLYGON (((-59.07791033899997 -35.14815256999998, -59.07788559299996 -35.148709363999956, -59.07961783999997 -35.14859800499994, -59.07961783999997 -35.148140196999975, -59.07791033899997 -35.14815256999998)))",Esri-word_Imagery_2010
areas_de_actividad_agropecuaria_AL270.828,828,2,Establecimiento Agropecuario,,,,IGN,-1,"MULTIPOLYGON (((-59.01145434099993 -35.156701941999984, -59.01198937099997 -35.15730600799998, -59.013232019999975 -35.156443055999944, -59.012783285999944 -35.15589076799995, -59.01145434099993 -35.156701941999984)))",Esri-word_Imagery_2010
areas_de_actividad_agropecuaria_AL270.829,829,2,Establecimiento Agropecuario,,,,IGN,-1,"MULTIPOLYGON (((-58.958888713999954 -35.65086354799996, -58.96107296099996 -35.65106414199994, -58.96129584299996 -35.650596088999976, -58.95969109099997 -35.64890218299996, -58.95766286099996 -35.648768453999935, -58.95743997899996 -35.64890218299996, -58.957194808999986 -35.64921421799994, -58.958888713999954 -35.65086354799996)))",IGN
areas_de_actividad_agropecuaria_AL270.830,830,2,Establecimiento Agropecuario,,,,IGN,-1,"MULTIPOLYGON (((-58.96533001399996 -35.650618376999944, -58.96740281899997 -35.65086354799996, -58.967625701999964 -35.650596088999976, -58.966087812999945 -35.64925879499998, -58.96405958399998 -35.649125064999964, -58.96394814299998 -35.64937023599998, -58.96510713099997 -35.65050693599994, -58.96533001399996 -35.650618376999944)))",IGN
areas_de_actividad_agropecuaria_AL270.831,831,2,Establecimiento Agropecuario,,,,IGN,-1,"MULTIPOLYGON (((-58.91345740199995 -35.541703697999935, -58.91324325099998 -35.54198923399997, -58.91331463499995 -35.54315516899993, -58.91307668899998 -35.54365485599993, -58.91500405199997 -35.543773828999974, -58.915265792999946 -35.543726239999955, -58.91543235499995 -35.54341690999996, -58.915551327999935 -35.54187026099993, -58.915170613999976 -35.54189405499994, -58.913838115999965 -35.54179887699996, -58.91345740199995 -35.541703697999935)))",IGN
areas_de_actividad_agropecuaria_AL270.832,832,2,Establecimiento Agropecuario,,,,IGN,-1,"MULTIPOLYGON (((-58.88470084599999 -35.54150069399998, -58.883792950999975 -35.54202671699994, -58.88548703299995 -35.54591379999994, -58.88639332799994 -35.547888710999985, -58.88843023199996 -35.547089211999946, -58.88947719399994 -35.54918313699994, -58.890200550999964 -35.548992779999935, -58.888963230999934 -35.54640392699997, -58.88824652699998 -35.54645783099994, -58.88749748299995 -35.544938178999985, -58.88685026899998 -35.54318689599995, -58.88623421099999 -35.54153844399997, -58.88498477199994 -35.54185439699995, -58.88470084599999 -35.54150069399998)))",IGN
areas_de_actividad_agropecuaria_AL270.833,833,2,Establecimiento Agropecuario,,,,IGN,-1,"MULTIPOLYGON (((-58.87343010899997 -35.546246881999934, -58.87421234899995 -35.547264618999975, -58.876035325999965 -35.54626376899995, -58.87507193699997 -35.545271302999936, -58.87343010899997 -35.546246881999934)))",IGN
areas_de_actividad_agropecuaria_AL270.834,834,2,Establecimiento Agropecuario,,,,IGN,-1,"MULTIPOLYGON (((-58.84188700599998 -35.585138495999956, -58.84342799899997 -35.58531212899993, -58.844165938999936 -35.58333705399997, -58.84179412599997 -35.58243029899995, -58.841458630999966 -35.58351913299998, -58.842104046999964 -35.583749431999934, -58.84188700599998 -35.585138495999956)))",IGN
areas_de_actividad_agropecuaria_AL270.835,835,2,Establecimiento Agropecuario,,,,IGN,-1,"MULTIPOLYGON (((-59.185679542999935 -34.35721924199993, -59.18475536799997 -34.35781815499996, -59.18338746499995 -34.35870462799994, -59.184989610999935 -34.36045242399996, -59.18538935999993 -34.360223995999945, -59.18711918599996 -34.358747681999944, -59.187753692999934 -34.35820616399997, -59.18778417599998 -34.358180147999974, -59.186631326999986 -34.35729538499993, -59.18623157799993 -34.35761899199997, -59.185679542999935 -34.35721924199993)))",Esri-World_Imagery 2010
areas_de_actividad_agropecuaria_AL270.836,836,2,Establecimiento Agropecuario,,,,IGN,-1,"MULTIPOLYGON (((-57.82100790699997 -35.150975621999976, -57.82337100099994 -35.153792590999956, -57.832624848999956 -35.147049590999984, -57.82682844499993 -35.14134671299996, -57.81832845799994 -35.14753841499993, -57.819464574999984 -35.14913581099995, -57.82100790699997 -35.150975621999976)))",Esri-World_Imagery 2010
areas_de_actividad_agropecuaria_AL270.837,837,2,Establecimiento Agropecuario,,,,IGN,-1,"MULTIPOLYGON (((-57.91420790099994 -35.11350829799994, -57.92013885699998 -35.11843623999994, -57.92313819699996 -35.11611264099997, -57.92092784799996 -35.114251888999945, -57.92504405899996 -35.11090253399993, -57.92258803999994 -35.10870075499997, -57.921148080999956 -35.10971550299996, -57.91964426199996 -35.11049977299996, -57.91896659199995 -35.11076246599998, -57.917668711999966 -35.11218814499995, -57.91420790099994 -35.11350829799994)))",Esri-World_Imagery 2010
areas_de_actividad_agropecuaria_AL270.838,838,2,Establecimiento Agropecuario,,,,IGN,-1,"MULTIPOLYGON (((-57.95157649199996 -35.08203881999998, -57.95491155999997 -35.08496643899997, -57.95740523499995 -35.08307238799995, -57.95400781999996 -35.07968551799996, -57.95400766999995 -35.07968533799993, -57.95157649199996 -35.08203881999998)))",Esri-World_Imagery 2010
areas_de_actividad_agropecuaria_AL270.839,839,2,Establecimiento Agropecuario,,,,IGN,-1,"MULTIPOLYGON (((-57.76098886199998 -35.066596353999955, -57.762536627999964 -35.067817454999954, -57.764615195999966 -35.06605591299996, -57.763156582999954 -35.064838762999955, -57.76098886199998 -35.066596353999955)))",Esri-World_Imagery 2010
areas_de_actividad_agropecuaria_AL270.840,840,2,Establecimiento Agropecuario,,,,IGN,-1,"MULTIPOLYGON (((-57.75645753599997 -35.05167956799994, -57.759950043999936 -35.05487454499996, -57.76108682499995 -35.05407262499995, -57.759107712999935 -35.05230158599994, -57.75814260299995 -35.051256526999964, -57.75874793799994 -35.05082251299996, -57.75823968499998 -35.05040563199998, -57.75645753599997 -35.05167956799994)))",Esri-World_Imagery 2010
areas_de_actividad_agropecuaria_AL270.841,841,2,Establecimiento Agropecuario,,,,IGN,-1,"MULTIPOLYGON (((-57.925287228999935 -35.01853173199993, -57.929303758999936 -35.02231983399997, -57.93128346999998 -35.02081601499998, -57.93676574899996 -35.01668527099997, -57.93449132999996 -35.014770375999944, -57.93033192099995 -35.01091127799998, -57.92736211899995 -35.01323981099995, -57.92682911899993 -35.014705558999935, -57.92728597599995 -35.015143379999984, -57.926258048999955 -35.01590480799996, -57.92743826099996 -35.01708501999997, -57.925287228999935 -35.01853173199993)))",Esri-World_Imagery 2010
areas_de_actividad_agropecuaria_AL270.842,842,2,Establecimiento Agropecuario,,,,IGN,-1,"MULTIPOLYGON (((-57.937460605999945 -35.00914695899996, -57.938026917999935 -35.01075547399995, -57.93909291699998 -35.010055912999974, -57.94001461099998 -35.01089612399994, -57.94140576799998 -35.009887151999976, -57.941053591999946 -35.00957526199994, -57.93881213999998 -35.007557478999956, -57.937536748999946 -35.00852353999994, -57.93747012399996 -35.008751967999956, -57.937460605999945 -35.00914695899996)))",Esri-World_Imagery 2010
areas_de_actividad_agropecuaria_AL270.843,843,2,Establecimiento Agropecuario,,,,IGN,-1,"MULTIPOLYGON (((-57.99731764999996 -35.00933733699998, -57.99549783799995 -35.01072313599997, -57.99339629799994 -35.00889570999993, -57.99233466199996 -35.00957142899995, -57.991643789999955 -35.00897831499998, -57.99034936299995 -35.007774307999966, -57.98732010699996 -35.01029673599993, -57.98756376399996 -35.01224599099993, -57.98953586099998 -35.01402773099994, -57.99099780199998 -35.01290843299995, -57.99210187199998 -35.01381453099998, -57.993716097999936 -35.01261147599996, -57.99484969599996 -35.011730557999954, -57.99668824699995 -35.01330893399995, -57.998759296999935 -35.01173800999993, -57.999998095999956 -35.01079835599995, -57.999998095999956 -35.00833523799997, -57.999998095999956 -35.00804384299994, -57.99748072799997 -35.005766250999955, -57.99728719299998 -35.005895684999984, -57.99501813899997 -35.00743376899993, -57.99731764999996 -35.00933733699998)))",Esri-World_Imagery 2010
areas_de_actividad_agropecuaria_AL270.844,844,2,Establecimiento Agropecuario,,,,IGN,-1,"MULTIPOLYGON (((-57.94157066699995 -35.00661238499998, -57.94342686899995 -35.00834002499994, -57.944282622999935 -35.007748850999974, -57.945829585999945 -35.00654254099993, -57.94232803199998 -35.003305857999976, -57.93993524599995 -35.00505904499994, -57.94157066699995 -35.00661238499998)))",Esri-World_Imagery 2010
areas_de_actividad_agropecuaria_AL270.845,845,2,Establecimiento Agropecuario,,,,IGN,-1,"MULTIPOLYGON (((-57.972879690999946 -35.00307511899996, -57.97162402599997 -35.00397325399996, -57.97116065599994 -35.00353609299998, -57.969247680999956 -35.00498249499998, -57.97067535799994 -35.00623884999993, -57.968971815999964 -35.00763838599994, -57.97064521799996 -35.00919122299996, -57.97229148799994 -35.00797490499997, -57.971143635999965 -35.006804209999984, -57.97169757399996 -35.00639874999996, -57.97322804399994 -35.00787211199997, -57.97470365999993 -35.00687869999996, -57.975366759999986 -35.00750049699997, -57.975879446999954 -35.00796867399998, -57.97643184699996 -35.00847311699994, -57.97701725699994 -35.00900770299995, -57.977745212999935 -35.00960816699995, -57.98093749699996 -35.00731817399998, -57.98134406899993 -35.00719360199997, -57.98095232999998 -35.00682008299998, -57.980686781999964 -35.00656688699996, -57.98036182799996 -35.00625704699996, -57.97988783899996 -35.005847778999964, -57.97972700299994 -35.00566699399997, -57.97929302399996 -35.00525700099996, -57.97916146799997 -35.005370822999964, -57.97891019699995 -35.00550216899995, -57.978279079999936 -35.00487457799994, -57.97687432999999 -35.00593618299996, -57.975406677999956 -35.00457132399998, -57.97376199499996 -35.003189332999966, -57.973339402999954 -35.003440603999934, -57.972879690999946 -35.00307511899996)))",Esri-World_Imagery 2010
areas_de_actividad_agropecuaria_AL270.846,846,2,Establecimiento Agropecuario,,,,IGN,-1,"MULTIPOLYGON (((-57.97895017199994 -35.00414302099995, -57.981251585999985 -35.00629595699996, -57.98151427899995 -35.00607895099995, -57.981708442999945 -35.00623313999995, -57.98333028299999 -35.00498820599995, -57.98203778699997 -35.00391358299993, -57.982455855999945 -35.003578209999944, -57.98120018999998 -35.00245836299996, -57.98116578299994 -35.002441558999976, -57.97895017199994 -35.00414302099995)))",Esri-World_Imagery 2010
areas_de_actividad_agropecuaria_AL270.847,847,2,Establecimiento Agropecuario,,,,IGN,-1,"MULTIPOLYGON (((-57.92442193299996 -35.00426022199997, -57.92526378599996 -35.00504539999997, -57.92556721599993 -35.004899181999974, -57.926023560999965 -35.00523559499993, -57.92721005799996 -35.00445062799997, -57.927369778999946 -35.00446931799996, -57.92757513399994 -35.00466556099997, -57.929103889999965 -35.003572203999965, -57.92736570399995 -35.002018232999944, -57.92442193299996 -35.00426022199997)))",Esri-World_Imagery 2010
areas_de_actividad_agropecuaria_AL270.848,848,2,Establecimiento Agropecuario,,,,IGN,-1,"MULTIPOLYGON (((-57.930515054999944 -35.002175042999966, -57.93176569999997 -35.00338571299994, -57.93333614399995 -35.00226070399998, -57.932096919999935 -35.00111856199993, -57.930515054999944 -35.002175042999966)))",Esri-World_Imagery 2010
areas_de_actividad_agropecuaria_AL270.849,849,2,Establecimiento Agropecuario,,,,IGN,-1,"MULTIPOLYGON (((-57.918009204999976 -35.00255845399994, -57.92023197799995 -35.004527424999935, -57.92079733999998 -35.00405099599993, -57.920041406999985 -35.00339034799998, -57.92196113799997 -35.00196509099993, -57.920574133999935 -35.00067146199996, -57.918522552999946 -35.00218079199993, -57.918009204999976 -35.00255845399994)))",Esri-World_Imagery 2010
areas_de_actividad_agropecuaria_AL270.850,850,2,Establecimiento Agropecuario,,,,IGN,-1,"MULTIPOLYGON (((-57.91659175399997 -35.00038648699996, -57.913669966999976 -35.002729699999975, -57.913727137999956 -35.00314895799994, -57.914273442999956 -35.00366350099995, -57.916102928999976 -35.002342204999934, -57.91672546299998 -35.00281863399994, -57.917297176999966 -35.00237396699998, -57.916795338999975 -35.001814956999965, -57.91754263399997 -35.00127014599997, -57.91659175399997 -35.00038648699996)))",Esri-World_Imagery 2010
areas_de_actividad_agropecuaria_AL270.1077,1077,2,Establecimiento Agropecuario,,,,IGN,-1,"MULTIPOLYGON (((-59.104765173999965 -35.15829526099998, -59.104753276999986 -35.15980621799997, -59.10669253699996 -35.15972293699997, -59.10676392099998 -35.158319054999936, -59.104765173999965 -35.15829526099998)))",Esri-word_imagery_2010
areas_de_actividad_agropecuaria_AL270.851,851,2,Establecimiento Agropecuario,,,,IGN,-1,"MULTIPOLYGON (((-57.526862680999955 -35.048445190999985, -57.52560156699997 -35.04906979899994, -57.52552423399993 -35.04914713199997, -57.52551233699995 -35.04920066999995, -57.525583720999975 -35.049325590999956, -57.52564320699997 -35.04934343699995, -57.52575028299998 -35.04928989999996, -57.525821666999946 -35.04923636199993, -57.52590494799995 -35.049099542999954, -57.52600607499994 -35.04908169699996, -57.52614884299999 -35.049051952999946, -57.52622022699995 -35.049004363999984, -57.52632135399995 -35.04892703199994, -57.52645222399997 -35.04895082599995, -57.52649386499996 -35.049004363999984, -57.52658309399993 -35.049212566999984, -57.52666042699997 -35.04928989999996, -57.526624734999984 -35.04939697499998, -57.52656524799994 -35.04939697499998, -57.526428428999964 -35.04938507799994, -57.52640463499995 -35.04942671899994, -57.52642248099994 -35.04956948599994, -57.52638678899996 -35.04963492099995, -57.52630945599998 -35.04973009999998, -57.526095304999956 -35.04970630499997, -57.525898998999935 -35.04965871599995, -57.52578002599995 -35.049664664999966, -57.52568484799997 -35.04973009999998, -57.525548028999935 -35.04973009999998, -57.52546474799993 -35.049741996999956, -57.525292236999974 -35.04979553499993, -57.52544690199994 -35.050497475999975, -57.52548259399998 -35.05056291099993, -57.526142893999975 -35.05081275499998, -57.52653550499997 -35.050925778999954, -57.526642580999976 -35.05102690599995, -57.52667232399995 -35.05108044399998, -57.52674370799997 -35.05141951699994, -57.52684607899994 -35.05173643799998, -57.52817602199997 -35.051518560999966, -57.52786046999995 -35.05018663699997, -57.527786161999984 -35.04994560499995, -57.52758689799998 -35.049165237999944, -57.52733857299995 -35.049212566999984, -57.52718985699994 -35.04927800199994, -57.52705303799996 -35.04927800199994, -57.52693406499998 -35.049230412999975, -57.52692216799994 -35.04910549099998, -57.527023294999935 -35.049034107999944, -57.52708278099993 -35.048968671999944, -57.52710062699998 -35.04883185299997, -57.52722554899998 -35.04873667499993, -57.527183907999984 -35.04857011299998, -57.52711252399996 -35.048486830999934, -57.52705303799996 -35.04845113999994, -57.526928115999965 -35.04845113999994, -57.526862680999955 -35.048445190999985)))",Esri-World Imagery 2010
areas_de_actividad_agropecuaria_AL270.852,852,2,Establecimiento Agropecuario,,,,IGN,-1,"MULTIPOLYGON (((-57.532517128999984 -35.07324803199998, -57.532674172999975 -35.07382861999997, -57.533807570999954 -35.07364960399997, -57.53378119699994 -35.073540510999976, -57.53358967599996 -35.07287907199998, -57.53355038999996 -35.07274339199995, -57.532576150999944 -35.07291320199994, -57.53243061599994 -35.07293856899997, -57.532468628999936 -35.07307454299996, -57.532517128999984 -35.07324803199998)))",Esri-World Imagery 2010
areas_de_actividad_agropecuaria_AL270.853,853,2,Establecimiento Agropecuario,,,,IGN,-1,"MULTIPOLYGON (((-57.53406278399996 -35.07268444399995, -57.53372965999995 -35.07276177699998, -57.53355038999996 -35.07274339199995, -57.533807570999954 -35.07364960399997, -57.53419998299995 -35.07527275899997, -57.53421038399995 -35.07532829599995, -57.53421615499997 -35.07538450399994, -57.534217257999956 -35.07544099599994, -57.534213113999954 -35.07550262399997, -57.53420341599997 -35.07556362599996, -57.53418824299996 -35.07562349999995, -57.53416771899998 -35.07568175799997, -57.53414201299995 -35.07573792299996, -57.53411133499998 -35.07579153299997, -57.534075936999955 -35.07584215099996, -57.53485661499997 -35.07521156299998, -57.53593226099997 -35.074346100999946, -57.536098693999975 -35.07421218899998, -57.53779378399997 -35.072906511999975, -57.53793888599995 -35.072794743999964, -57.53774044199997 -35.072012694999955, -57.53766310999998 -35.072012694999955, -57.53728834499998 -35.07213166799994, -57.53678865799998 -35.072220897999955, -57.536497173999976 -35.07222684599998, -57.53466359799995 -35.07255952199995, -57.53450298499996 -35.07259521399993, -57.53406278399996 -35.07268444399995)))",Esri-World Imagery 2010
areas_de_actividad_agropecuaria_AL270.854,854,2,Establecimiento Agropecuario,,,,IGN,-1,"MULTIPOLYGON (((-57.73127456599997 -35.08323391899995, -57.73383349499994 -35.08549064299996, -57.735280469999964 -35.084350049999955, -57.73375095599994 -35.08307162899996, -57.733223727999984 -35.08263095399997, -57.73270938099995 -35.08212033099994, -57.73127456599997 -35.08323391899995)))",Esri-World_Imagery 2010
areas_de_actividad_agropecuaria_AL270.855,855,2,Establecimiento Agropecuario,,,,IGN,-1,"MULTIPOLYGON (((-59.23592084999996 -35.000184659999945, -59.23740643299993 -35.001485697999954, -59.23904887799995 -35.00024924999997, -59.23592084999996 -35.000184659999945)))",Esri-Word_Imagery_2010
areas_de_actividad_agropecuaria_AL270.856,856,2,Establecimiento Agropecuario,,,,IGN,-1,"MULTIPOLYGON (((-59.181389284999966 -35.12689290499998, -59.18186183599994 -35.12736545699994, -59.182846318999964 -35.12665006599997, -59.18192090499997 -35.12583622799997, -59.181238330999975 -35.126275962999955, -59.181651812999974 -35.12670257199994, -59.181389284999966 -35.12689290499998)))",Esri-Word_Imagery_2010
areas_de_actividad_agropecuaria_AL270.857,857,2,Establecimiento Agropecuario,,,,IGN,-1,"MULTIPOLYGON (((-59.22179388999996 -35.107398219999936, -59.22417229699994 -35.109536988999935, -59.22463353599994 -35.10919982599995, -59.22513877799997 -35.108737952999945, -59.222704514999975 -35.106631378999964, -59.22179388999996 -35.107398219999936)))",Esri-Word_Imagery_2010
areas_de_actividad_agropecuaria_AL270.858,858,2,Establecimiento Agropecuario,,,,IGN,-1,"MULTIPOLYGON (((-59.13423578099997 -35.19188943299997, -59.13570152899996 -35.19335518099996, -59.13798229099996 -35.19166388999997, -59.13656302299995 -35.19027024199994, -59.13423578099997 -35.19188943299997)))",Esri-World_Imagery 2010
areas_de_actividad_agropecuaria_AL270.859,859,2,Establecimiento Agropecuario,,,,IGN,-1,"MULTIPOLYGON (((-58.24249990299995 -34.83120887599995, -58.243967278999946 -34.83196232999995, -58.244621654999946 -34.83105060999998, -58.24317746699995 -34.83028235399996, -58.24249990299995 -34.83120887599995)))",Esri-Word_Imagery
areas_de_actividad_agropecuaria_AL270.860,860,2,Establecimiento Agropecuario,,,,IGN,-1,"MULTIPOLYGON (((-58.24532181699993 -34.830037225999945, -58.245982922999985 -34.829203167999935, -58.24451452899996 -34.828450191999934, -58.24441673599995 -34.82858666899995, -58.244326350999984 -34.82871280499995, -58.24389538899993 -34.82930266499994, -58.24389530299993 -34.82930278199996, -58.24489886199996 -34.829812050999976, -58.24531926099996 -34.83003586499996, -58.24532181699993 -34.830037225999945)))",Esri-Word_Imagery
areas_de_actividad_agropecuaria_AL270.861,861,2,Establecimiento Agropecuario,,,,IGN,-1,"MULTIPOLYGON (((-58.24578983299995 -34.82944677399996, -58.24532181699993 -34.830037225999945, -58.24582046799998 -34.83030269699998, -58.246000839999965 -34.830397087999984, -58.24642890999996 -34.829770947999975, -58.24578983299995 -34.82944677399996)))",IGN
areas_de_actividad_agropecuaria_AL270.1078,1078,2,Establecimiento Agropecuario,,,,IGN,-1,"MULTIPOLYGON (((-59.12198057399996 -35.162233268999955, -59.12319409899993 -35.162233268999955, -59.12318220199995 -35.16136476499997, -59.12198057399996 -35.16135286799994, -59.12198057399996 -35.162233268999955)))",Esri-word_Imagery
areas_de_actividad_agropecuaria_AL270.876,876,2,Establecimiento Agropecuario,,,,IGN,-1,"MULTIPOLYGON (((-58.24436618799996 -34.83693892399998, -58.244055651999986 -34.837359240999945, -58.24392561899998 -34.83753795599995, -58.24477382799995 -34.83798673499996, -58.245092925999984 -34.837568516999966, -58.24521958699995 -34.83762445499997, -58.24555923999998 -34.83713090499998, -58.24527495999996 -34.83697999699996, -58.24506499499995 -34.83726951299997, -58.244505509999954 -34.83700483399997, -58.24450285499995 -34.83700357799995, -58.24436618799996 -34.83693892399998)))",IGN
areas_de_actividad_agropecuaria_AL270.877,877,2,Establecimiento Agropecuario,,,,IGN,-1,"MULTIPOLYGON (((-58.248083184999984 -34.840143824999984, -58.24760246599993 -34.84081126499996, -58.24887410699995 -34.841428865999944, -58.24932684099997 -34.840762439999935, -58.24831581799998 -34.840259541999956, -58.248083184999984 -34.840143824999984)))",IGN
areas_de_actividad_agropecuaria_AL270.878,878,2,Establecimiento Agropecuario,,,,IGN,-1,"MULTIPOLYGON (((-58.24108241499994 -34.849631828999975, -58.24015872499996 -34.84912806099993, -58.23937702599994 -34.85024256699995, -58.24030292699996 -34.850690345999965, -58.24108241499994 -34.849631828999975)))",IGN
areas_de_actividad_agropecuaria_AL270.879,879,2,Establecimiento Agropecuario,,,,IGN,-1,"MULTIPOLYGON (((-58.238716883999984 -34.852873028999966, -58.23686783699998 -34.85190884199994, -58.23604794299996 -34.85305000599993, -58.23630930799993 -34.85318332899993, -58.23646513099993 -34.85325733199994, -58.23659236799995 -34.853317758999935, -58.23680961599996 -34.85343190499998, -58.23710170199996 -34.85357193799996, -58.237496732999944 -34.853783111999974, -58.237863723999965 -34.853991452999935, -58.238000829999976 -34.85382534499996, -58.238259884999934 -34.85348226899998, -58.238716883999984 -34.852873028999966)))",IGN
areas_de_actividad_agropecuaria_AL270.880,880,2,Establecimiento Agropecuario,,,,IGN,-1,"MULTIPOLYGON (((-58.240789432999975 -34.85880663299997, -58.239192352999964 -34.857990205999954, -58.23842749999994 -34.859048782999935, -58.23862506199998 -34.859149387999935, -58.23900664599995 -34.85934966899998, -58.23913406299994 -34.85941654599998, -58.23959825299994 -34.859683394999934, -58.23996526999997 -34.85986777699998, -58.24050545299997 -34.85916776099998, -58.240789432999975 -34.85880663299997)))",IGN
areas_de_actividad_agropecuaria_AL270.881,881,2,Establecimiento Agropecuario,,,,IGN,-1,"MULTIPOLYGON (((-58.244202110999936 -34.85434307199995, -58.24377909999998 -34.85412797399994, -58.24363914999998 -34.85434403499994, -58.243171022999945 -34.854091265999955, -58.24306015199994 -34.85422117799993, -58.24309106099997 -34.85425663299998, -58.242874247999964 -34.85455575399993, -58.243713121999974 -34.85500281599997, -58.244202110999936 -34.85434307199995)))",IGN
areas_de_actividad_agropecuaria_AL270.882,882,2,Establecimiento Agropecuario,,,,IGN,-1,"MULTIPOLYGON (((-58.24761412699996 -34.856165766999936, -58.247375612999974 -34.85646392599995, -58.24869115499996 -34.85713211399997, -58.248902956999984 -34.85685152899998, -58.24761412699996 -34.856165766999936)))",IGN
areas_de_actividad_agropecuaria_AL270.883,883,2,Establecimiento Agropecuario,,,,IGN,-1,"MULTIPOLYGON (((-58.23540740999994 -34.86060649799998, -58.23596227199994 -34.85992929299994, -58.23491227799997 -34.85936403799997, -58.234379298999954 -34.860053893999975, -58.23540740999994 -34.86060649799998)))",IGN
areas_de_actividad_agropecuaria_AL270.884,884,2,Establecimiento Agropecuario,,,,IGN,-1,"MULTIPOLYGON (((-58.23234033499995 -34.85897334899994, -58.23066837699997 -34.85807507699997, -58.22987895199998 -34.85910514999995, -58.23040095299996 -34.859430756999984, -58.23234033499995 -34.85897334899994)))",IGN
areas_de_actividad_agropecuaria_AL270.885,885,2,Establecimiento Agropecuario,,,,IGN,-1,"MULTIPOLYGON (((-58.22902528399993 -34.85611034999994, -58.22787501299996 -34.85549879799993, -58.227272151999955 -34.85626928299996, -58.22761144999998 -34.856446492999964, -58.22768765999996 -34.85648629599996, -58.22772788399993 -34.85650629299994, -58.227928919999954 -34.85660623699994, -58.22805391199995 -34.856676909999976, -58.22810726399996 -34.856707075999964, -58.228291042999956 -34.85681098799995, -58.22838549399995 -34.85686120299994, -58.22842330699996 -34.85687971999994, -58.22902528399993 -34.85611034999994)))",IGN
areas_de_actividad_agropecuaria_AL270.886,886,2,Establecimiento Agropecuario,,,,IGN,-1,"MULTIPOLYGON (((-58.23884363499997 -34.863941600999965, -58.239832468999964 -34.86448087599996, -58.24109056399993 -34.86281759299993, -58.24014251699998 -34.862302615999965, -58.23884363499997 -34.863941600999965)))",IGN
areas_de_actividad_agropecuaria_AL270.887,887,2,Establecimiento Agropecuario,,,,IGN,-1,"MULTIPOLYGON (((-58.23583854399993 -34.86905887199998, -58.234999792999986 -34.86974182299997, -58.235136584999964 -34.86994015799996, -58.23543287799998 -34.87031168999994, -58.23794477299998 -34.86846732199996, -58.237893404999966 -34.86842176299996, -58.237560422999934 -34.86810551899998, -58.23737511899998 -34.86796119699994, -58.237308793999944 -34.86795062599998, -58.23721131699995 -34.86798717199997, -58.23680141299997 -34.86831842299995, -58.23583854399993 -34.86905887199998)))",IGN
areas_de_actividad_agropecuaria_AL270.888,888,2,Establecimiento Agropecuario,,,,IGN,-1,"MULTIPOLYGON (((-58.23019518099994 -34.870731098999954, -58.23209725199996 -34.86922106199995, -58.231293419999986 -34.868919183999935, -58.229602530999955 -34.87020268999993, -58.23019518099994 -34.870731098999954)))",IGN
areas_de_actividad_agropecuaria_AL270.889,889,2,Establecimiento Agropecuario,,,,IGN,-1,"MULTIPOLYGON (((-58.231293419999986 -34.868919183999935, -58.23132990199997 -34.868932884999936, -58.231407409999974 -34.867038226999966, -58.23072258999997 -34.86700995999996, -58.230307334999964 -34.866989402999934, -58.23031133999996 -34.86705093599994, -58.23033226299998 -34.86727292099994, -58.23034236099994 -34.86746275699994, -58.23034147399994 -34.86760651199995, -58.230308255999944 -34.867828875999976, -58.23031710799995 -34.86814126599995, -58.230307480999954 -34.86833977499998, -58.230488185999945 -34.86835032799996, -58.23051070399998 -34.86839322599997, -58.230460585999936 -34.868456213999934, -58.230402896999976 -34.86851523299998, -58.231293419999986 -34.868919183999935)))",IGN
areas_de_actividad_agropecuaria_AL270.890,890,2,Establecimiento Agropecuario,,,,IGN,-1,"MULTIPOLYGON (((-58.24546820699999 -34.87514882599993, -58.244700112999965 -34.874476422999976, -58.243173558999956 -34.87565961599995, -58.24388508499993 -34.87640592399998, -58.24546820699999 -34.87514882599993)))",IGN
areas_de_actividad_agropecuaria_AL270.891,891,2,Establecimiento Agropecuario,,,,IGN,-1,"MULTIPOLYGON (((-58.24785557699994 -34.88202469099997, -58.24682004599998 -34.881306062999954, -58.24678597299999 -34.88134933899994, -58.24523494799996 -34.88020624099994, -58.24414873699993 -34.881099725999945, -58.24655427599998 -34.883053718999975, -58.24785557699994 -34.88202469099997)))",IGN
areas_de_actividad_agropecuaria_AL270.892,892,2,Establecimiento Agropecuario,,,,IGN,-1,"MULTIPOLYGON (((-58.23852188999996 -34.877988356999936, -58.23720685699993 -34.879008306999935, -58.23835871899996 -34.87998029599993, -58.23964385099998 -34.878973892999966, -58.23852188999996 -34.877988356999936)))",IGN
areas_de_actividad_agropecuaria_AL270.893,893,2,Establecimiento Agropecuario,,,,IGN,-1,"MULTIPOLYGON (((-58.232817987999965 -34.87515404599998, -58.23273436499994 -34.87524657499995, -58.23232047399995 -34.87554044199993, -58.23180366899999 -34.87593543899993, -58.23121733099998 -34.87638567899995, -58.23248345799993 -34.87749235499996, -58.23408527599997 -34.876240792999965, -58.232817987999965 -34.87515404599998)))",IGN
areas_de_actividad_agropecuaria_AL270.894,894,2,Establecimiento Agropecuario,,,,IGN,-1,"MULTIPOLYGON (((-58.230054016999986 -34.88332058199995, -58.23033092299994 -34.88356995799995, -58.23045262599999 -34.88367752199997, -58.231725592999965 -34.882677172999934, -58.23133412999994 -34.88233415499997, -58.230054016999986 -34.88332058199995)))",IGN
areas_de_actividad_agropecuaria_AL270.895,895,2,Establecimiento Agropecuario,,,,IGN,-1,"MULTIPOLYGON (((-58.247908887999984 -34.892028137999944, -58.247902727999985 -34.892032814999936, -58.24719481499994 -34.89257018099994, -58.247085879999986 -34.89265287099994, -58.24821311399995 -34.89364558999995, -58.24908836199995 -34.892956941999955, -58.247908887999984 -34.892028137999944)))",IGN
areas_de_actividad_agropecuaria_AL270.896,896,2,Establecimiento Agropecuario,,,,IGN,-1,"MULTIPOLYGON (((-58.24611019499997 -34.893409307999946, -58.24456557199994 -34.89214404899997, -58.24229049499996 -34.893891648999954, -58.24240675899995 -34.893992451999964, -58.24318129699998 -34.89466398199994, -58.243817829999955 -34.89523837899998, -58.24405270699998 -34.89503288699996, -58.244364393999945 -34.89477040199995, -58.24546797099998 -34.89393110999998, -58.24608996799998 -34.89342574199998, -58.24611019499997 -34.893409307999946)))",IGN
areas_de_actividad_agropecuaria_AL270.897,897,2,Establecimiento Agropecuario,,,,IGN,-1,"MULTIPOLYGON (((-58.23996169399999 -34.90636403999997, -58.238810668999974 -34.90727746899995, -58.240517874999966 -34.90876721899997, -58.24168271299993 -34.90786990099997, -58.24144932799999 -34.90766584499994, -58.24127571199995 -34.90751404599996, -58.24070209299998 -34.90701427499994, -58.24061936999993 -34.906941625999934, -58.23996169399999 -34.90636403999997)))",IGN
areas_de_actividad_agropecuaria_AL270.898,898,2,Establecimiento Agropecuario,,,,IGN,-1,"MULTIPOLYGON (((-58.247293996999986 -34.912752902999955, -58.24622856299993 -34.91359008099994, -58.24720100199994 -34.914431459999946, -58.24823193599997 -34.91357645099998, -58.24786853799998 -34.91325816799997, -58.247323163999965 -34.91277855299995, -58.247293996999986 -34.912752902999955)))",IGN
areas_de_actividad_agropecuaria_AL270.899,899,2,Establecimiento Agropecuario,,,,IGN,-1,"MULTIPOLYGON (((-58.241848483999945 -34.91299908899998, -58.24137286699994 -34.91337656699994, -58.242560709999964 -34.914392100999976, -58.24303632699997 -34.91401461899994, -58.241848483999945 -34.91299908899998)))",IGN
areas_de_actividad_agropecuaria_AL270.900,900,2,Establecimiento Agropecuario,,,,IGN,-1,"MULTIPOLYGON (((-58.240498644999946 -34.91656579199997, -58.240699683999935 -34.91640898999998, -58.23853488399993 -34.91452576599994, -58.23705257599994 -34.91568185799997, -58.23802168199995 -34.91652493999993, -58.23818460899997 -34.91666667699997, -58.24036929099998 -34.91666668199997, -58.240498644999946 -34.91656579199997)))",IGN
areas_de_actividad_agropecuaria_AL270.901,901,2,Establecimiento Agropecuario,,,,IGN,-1,"MULTIPOLYGON (((-58.23287135199996 -34.91205047699998, -58.232516369999985 -34.912479592999944, -58.23291516799998 -34.91281895199995, -58.23332143899995 -34.912446854999985, -58.233238444999984 -34.912373927999965, -58.23297504799996 -34.91214248299997, -58.232872629999974 -34.91205161099998, -58.23287135199996 -34.91205047699998)))",IGN
areas_de_actividad_agropecuaria_AL270.902,902,2,Establecimiento Agropecuario,,,,IGN,-1,"MULTIPOLYGON (((-58.23007388499997 -34.90115679799993, -58.22801760699997 -34.90279911999994, -58.22962575299994 -34.90416571099996, -58.23168203199998 -34.902523361999954, -58.23007388499997 -34.90115679799993)))",IGN
areas_de_actividad_agropecuaria_AL270.903,903,2,Establecimiento Agropecuario,,,,IGN,-1,"MULTIPOLYGON (((-58.23214649499994 -34.89955902599996, -58.23374073399998 -34.90093302499997, -58.23594401799994 -34.89919774599997, -58.23434977699998 -34.89782377499995, -58.23214649499994 -34.89955902599996)))",IGN
areas_de_actividad_agropecuaria_AL270.904,904,2,Establecimiento Agropecuario,,,,IGN,-1,"MULTIPOLYGON (((-58.20607699599998 -34.90638801699998, -58.20731282699995 -34.905413238999984, -58.207604651999986 -34.90517615699997, -58.207710316999965 -34.90509031399995, -58.208198504999984 -34.90468687099997, -58.20822429499998 -34.90466555799998, -58.20855440599996 -34.904398913999955, -58.20838706699993 -34.90426146999994, -58.207903131999956 -34.90386301999996, -58.20605858799996 -34.90234424999994, -58.203997664999974 -34.90404298599998, -58.20370904599997 -34.90428087399994, -58.20607699599998 -34.90638801699998)))",IGN
areas_de_actividad_agropecuaria_AL270.935,935,2,Establecimiento Agropecuario,,,,IGN,-1,"MULTIPOLYGON (((-57.51101369099996 -35.28640185099994, -57.510717099999965 -35.286715293999976, -57.510613941999964 -35.28664455599994, -57.51038194399996 -35.28694793799997, -57.51066391099994 -35.28710855099996, -57.51026416099995 -35.287497592999955, -57.51069246399999 -35.28774029799996, -57.511120766999966 -35.28738337899995, -57.51133491899998 -35.28755469999993, -57.51149553199997 -35.28741550199993, -57.51161688499997 -35.28745833199997, -57.512034479999954 -35.28709784399996, -57.512184385999944 -35.28693722999998, -57.511965474999954 -35.286731388999954, -57.51212883499994 -35.28655103899996, -57.512252788999945 -35.286414193999974, -57.51234280299997 -35.28631481799994, -57.51237192299993 -35.286282669999935, -57.512377121999975 -35.28627692999993, -57.51235938999997 -35.28627192799996, -57.51234856899998 -35.28626265299994, -57.51165257699995 -35.28572370499995, -57.51101369099996 -35.28640185099994)))",IGN
areas_de_actividad_agropecuaria_AL270.936,936,2,Establecimiento Agropecuario,,,,IGN,-1,"MULTIPOLYGON (((-57.52620959099994 -35.29648365899993, -57.52655461299997 -35.297019036999984, -57.527369577999934 -35.29640037699994, -57.52745880799995 -35.296346839999956, -57.52717327299996 -35.295912587999965, -57.52620959099994 -35.29648365899993)))",IGN
areas_de_actividad_agropecuaria_AL270.1300,1300,2,Establecimiento Agropecuario,,,,IGN,-1,"MULTIPOLYGON (((-58.21846092399994 -35.17311275999998, -58.219536440999946 -35.17354106299996, -58.22000281499999 -35.17265590399995, -58.218974887999934 -35.17223711799994, -58.21846092399994 -35.17311275999998)))",Imagery Esri 2000-2001-2006-2008
areas_de_actividad_agropecuaria_AL270.991,991,2,Establecimiento Agropecuario,,,,IGN,-1,"MULTIPOLYGON (((-58.97831489999999 -35.268886291999934, -58.978897073999974 -35.269373454999936, -58.97909050399994 -35.269230221999976, -58.979965396999944 -35.26858237299996, -58.976303935999965 -35.26549739799998, -58.976227079999944 -35.26554863599995, -58.97541671699997 -35.26643068899995, -58.97831489999999 -35.268886291999934)))",Esri-World_Imagery 2010
areas_de_actividad_agropecuaria_AL270.992,992,2,Establecimiento Agropecuario,,,,IGN,-1,"MULTIPOLYGON (((-58.96691395299996 -35.27631043799994, -58.967783047999944 -35.27688451999995, -58.971044148999965 -35.27454832799998, -58.97163417699994 -35.27407789999995, -58.970374386999936 -35.27385464599996, -58.96691395299996 -35.27631043799994)))",Esri-World_Imagery 2010
areas_de_actividad_agropecuaria_AL270.993,993,2,Establecimiento Agropecuario,,,,IGN,-1,"MULTIPOLYGON (((-58.95975388299996 -35.27818417599997, -58.96244090199997 -35.280616047999956, -58.96381231899994 -35.27964329899993, -58.961101378999956 -35.27721940099997, -58.95975388299996 -35.27818417599997)))",Esri-World_Imagery 2010
areas_de_actividad_agropecuaria_AL270.994,994,2,Establecimiento Agropecuario,,,,IGN,-1,"MULTIPOLYGON (((-58.95779525299997 -35.27108999999996, -58.95948704999995 -35.27248912299996, -58.96058355699995 -35.27160632499994, -58.95890884099998 -35.27008699399994, -58.95779525299997 -35.27108999999996)))",Esri-World_Imagery 2010
areas_de_actividad_agropecuaria_AL270.995,995,2,Establecimiento Agropecuario,,,,IGN,-1,"MULTIPOLYGON (((-58.93674095599994 -35.28455274099997, -58.93860027499994 -35.284735083999976, -58.93860773499995 -35.28471456899996, -58.93880775399998 -35.28303206199996, -58.936910689999934 -35.28286954399994, -58.93674095599994 -35.28455274099997)))",Esri-World_Imagery 2010
areas_de_actividad_agropecuaria_AL270.996,996,2,Establecimiento Agropecuario,,,,IGN,-1,"MULTIPOLYGON (((-58.934831447999954 -35.281299503999946, -58.93669339699994 -35.28135297299997, -58.93672411199998 -35.28102279299998, -58.93673462399994 -35.281000096999946, -58.93674306799994 -35.28097563199998, -58.93674951999998 -35.28094918199997, -58.93675407999996 -35.28092034599996, -58.93675788499996 -35.28085781499993, -58.93675584599998 -35.28072650699994, -58.93675751799998 -35.28067106699996, -58.936760479999975 -35.280641585999945, -58.93676502599993 -35.28061459799994, -58.93677124699997 -35.280589576999944, -58.93677920999994 -35.28056626499995, -58.93681856599994 -35.28047968299995, -58.93682743299996 -35.28045104699993, -58.93683396199998 -35.280417960999955, -58.93684479299998 -35.28031101399995, -58.936849774999985 -35.28027609499998, -58.93685665199996 -35.280246155999976, -58.93686579299998 -35.280219933999945, -58.93688409699996 -35.280181668999944, -58.936907764999944 -35.280141337999964, -58.93693719799995 -35.28009813299997, -58.93697598899996 -35.280046768999966, -58.937020349999955 -35.27999148699996, -58.937059783999985 -35.27994594799998, -58.93709760499996 -35.27990632999996, -58.93713449499995 -35.27987196599997, -58.93717154999996 -35.27984193299994, -58.93720851499995 -35.279816539999956, -58.937245609999934 -35.27979563599996, -58.93728296399996 -35.27977914899998, -58.93731202199996 -35.27976805499998, -58.937330190999944 -35.27976340699996, -58.93736293999996 -35.279761260999976, -58.93736331499997 -35.279658740999935, -58.93496187899996 -35.27957545399994, -58.93492948699998 -35.27999985099996, -58.934831447999954 -35.281299503999946)))",Esri-World_Imagery 2010
areas_de_actividad_agropecuaria_AL270.997,997,2,Establecimiento Agropecuario,,,,IGN,-1,"MULTIPOLYGON (((-58.943191817999946 -35.28020073299996, -58.94533333299995 -35.28037919199994, -58.945547483999974 -35.27813060099993, -58.94339407199993 -35.27798783399993, -58.943191817999946 -35.28020073299996)))",Esri-World_Imagery 2010
areas_de_actividad_agropecuaria_AL270.998,998,2,Establecimiento Agropecuario,,,,IGN,-1,"MULTIPOLYGON (((-58.941335837999986 -35.27714312499995, -58.943513044999975 -35.27725020099996, -58.943670846999964 -35.27512786799997, -58.94341278899998 -35.274892887999954, -58.941442913999936 -35.274822986999936, -58.941335837999986 -35.27714312499995)))",Esri-World_Imagery 2010
areas_de_actividad_agropecuaria_AL270.999,999,2,Establecimiento Agropecuario,,,,IGN,-1,"MULTIPOLYGON (((-58.92505260899998 -35.29576026799998, -58.92839544199995 -35.29873431899995, -58.930203664999965 -35.29784210299994, -58.92665859599998 -35.29460633599996, -58.92505260899998 -35.29576026799998)))",Esri-World_Imagery 2010
areas_de_actividad_agropecuaria_AL270.1000,1000,2,Establecimiento Agropecuario,,,,IGN,-1,"MULTIPOLYGON (((-58.926087578999955 -35.30089942799998, -58.92989436399995 -35.30439691199996, -58.93137381299994 -35.30320799499998, -58.927550811999936 -35.29991204299995, -58.926087578999955 -35.30089942799998)))",Esri-World_Imagery 2010
areas_de_actividad_agropecuaria_AL270.1001,1001,2,Establecimiento Agropecuario,,,,IGN,-1,"MULTIPOLYGON (((-58.79610141499995 -35.284525920999954, -58.797069491999935 -35.28538779599995, -58.79984709799999 -35.28465663199995, -58.79974110899997 -35.284423455999956, -58.79973370399995 -35.284418898999945, -58.799690873999964 -35.28431896199993, -58.79927684799998 -35.28322678899997, -58.79918945899993 -35.28309906599998, -58.79899134999994 -35.282774976999974, -58.79879324199993 -35.28245088699998, -58.79610141499995 -35.284525920999954)))",Esri-World_Imagery 2010
areas_de_actividad_agropecuaria_AL270.1002,1002,2,Establecimiento Agropecuario,,,,IGN,-1,"MULTIPOLYGON (((-58.84530302699994 -35.49064604999995, -58.848467709999966 -35.49319207299993, -58.85579644999996 -35.487909669999965, -58.86314898399996 -35.48262726599995, -58.86093608599998 -35.479105663999974, -58.854749486999935 -35.48355525599993, -58.85434497899996 -35.484411861999945, -58.84530302699994 -35.49064604999995)))",Imagery Esri 2002-2003
areas_de_actividad_agropecuaria_AL270.1003,1003,2,Establecimiento Agropecuario,,,,IGN,-1,"MULTIPOLYGON (((-58.85260797199999 -35.47322839499998, -58.853678729999956 -35.47420397399998, -58.85736689399994 -35.47156277199997, -58.85620095799993 -35.47051580999994, -58.85260797199999 -35.47322839499998)))",Imagery Esri 2002-2003
areas_de_actividad_agropecuaria_AL270.1004,1004,2,Establecimiento Agropecuario,,,,IGN,-1,"MULTIPOLYGON (((-58.83563522299994 -35.45839960699993, -58.83882370099997 -35.45873273199993, -58.83863334399996 -35.45701951999996, -58.83599214199995 -35.456852957999956, -58.83587316899997 -35.45785233099997, -58.83563522299994 -35.45839960699993)))",Imagery Esri 2002-2003
areas_de_actividad_agropecuaria_AL270.1005,1005,2,Establecimiento Agropecuario,,,,IGN,-1,"MULTIPOLYGON (((-58.75811238299997 -35.45314099799998, -58.76151501299995 -35.45597255699994, -58.763799294999956 -35.45383104199993, -58.760491843999944 -35.45116604599997, -58.75811238299997 -35.45314099799998)))",IGN
areas_de_actividad_agropecuaria_AL270.1006,1006,2,Establecimiento Agropecuario,,,,IGN,-1,"MULTIPOLYGON (((-58.76884375299994 -35.44693060499998, -58.766797415999974 -35.44845345999994, -58.765560095999945 -35.44762064899993, -58.764346570999976 -35.44842966599998, -58.76327581399994 -35.44757305999997, -58.761134298999934 -35.44835828199996, -58.76563147999997 -35.451784705999955, -58.76815370899993 -35.449619395999946, -58.77017625099995 -35.44759685399998, -58.76884375299994 -35.44693060499998)))",IGN
areas_de_actividad_agropecuaria_AL270.1007,1007,2,Establecimiento Agropecuario,,,,IGN,-1,"MULTIPOLYGON (((-58.828829963999965 -35.43686548499994, -58.83132839899997 -35.43712722599997, -58.83161393399996 -35.43484294299998, -58.83042420299995 -35.434723969999936, -58.82906791099998 -35.43460499699995, -58.828829963999965 -35.43686548499994)))",Imagery Esri 2002-2003
areas_de_actividad_agropecuaria_AL270.1008,1008,2,Establecimiento Agropecuario,,,,IGN,-1,"MULTIPOLYGON (((-58.75075040399997 -35.41655147999995, -58.75128578299996 -35.41687270699998, -58.75307037799996 -35.41683701499994, -58.75496204999996 -35.41540933799996, -58.75446236299996 -35.41508811099993, -58.75278484299997 -35.41508811099993, -58.75075040399997 -35.41655147999995)))",IGN
areas_de_actividad_agropecuaria_AL270.1009,1009,2,Establecimiento Agropecuario,,,,IGN,-1,"MULTIPOLYGON (((-58.81450560899998 -35.41780600299995, -58.81883622799995 -35.418162921999965, -58.819145557999946 -35.415355157999954, -58.81483873399998 -35.41499823899994, -58.81450560899998 -35.41780600299995)))",Imagery Esri 2002-2003
areas_de_actividad_agropecuaria_AL270.1010,1010,2,Establecimiento Agropecuario,,,,IGN,-1,"MULTIPOLYGON (((-58.75749617599996 -35.41105492499997, -58.75813862999996 -35.411518919999935, -58.75999460999998 -35.41144753599997, -58.76185058899995 -35.41012693499994, -58.76142228599997 -35.40977001599998, -58.75938784699997 -35.40987709099994, -58.75749617599996 -35.41105492499997)))",IGN
areas_de_actividad_agropecuaria_AL270.1011,1011,2,Establecimiento Agropecuario,,,,IGN,-1,"MULTIPOLYGON (((-58.76224319999994 -35.405665445999944, -58.762778578999985 -35.40609374799993, -58.764670250999984 -35.40598667299997, -58.76649053799997 -35.404737455999964, -58.766097926999976 -35.404273460999946, -58.76417056399998 -35.40434484499997, -58.76224319999994 -35.405665445999944)))",IGN
areas_de_actividad_agropecuaria_AL270.1012,1012,2,Establecimiento Agropecuario,,,,IGN,-1,"MULTIPOLYGON (((-58.811854961999984 -35.40231040499998, -58.81603091699998 -35.402703016999965, -58.81635214399995 -35.39988335499993, -58.812211881999986 -35.39959781999994, -58.811854961999984 -35.40231040499998)))",Imagery Esri 2002-2003
areas_de_actividad_agropecuaria_AL270.1013,1013,2,Establecimiento Agropecuario,,,,IGN,-1,"MULTIPOLYGON (((-58.75492635799998 -35.39831291099995, -58.75638972599995 -35.39941935999997, -58.75906661999994 -35.397313536999945, -58.758852468999976 -35.39706369399994, -58.756746645999954 -35.39709938599998, -58.75492635799998 -35.39831291099995)))",IGN
areas_de_actividad_agropecuaria_AL270.1014,1014,2,Establecimiento Agropecuario,,,,IGN,-1,"MULTIPOLYGON (((-58.76249304399994 -35.39581447699993, -58.76492009399993 -35.39585016899997, -58.76677607399995 -35.39442249199993, -58.766383462999954 -35.394172648999984, -58.764349022999966 -35.394136956999944, -58.76249304399994 -35.39581447699993)))",IGN
areas_de_actividad_agropecuaria_AL270.1015,1015,2,Establecimiento Agropecuario,,,,IGN,-1,"MULTIPOLYGON (((-58.74768089899993 -35.392138209999985, -58.74889442399996 -35.393208966999964, -58.75142854999996 -35.39121021999995, -58.75100024699998 -35.39092468499996, -58.749358418999975 -35.39092468499996, -58.74768089899993 -35.392138209999985)))",IGN
areas_de_actividad_agropecuaria_AL270.1016,1016,2,Establecimiento Agropecuario,,,,IGN,-1,"MULTIPOLYGON (((-58.753641448999986 -35.38764102799996, -58.755782963999934 -35.387712411999985, -58.75763894299996 -35.38667734699993, -58.756318342999975 -35.38549951299996, -58.753641448999986 -35.38764102799996)))",IGN
areas_de_actividad_agropecuaria_AL270.1017,1017,2,Establecimiento Agropecuario,,,,IGN,-1,"MULTIPOLYGON (((-58.79900587299994 -35.38896162899994, -58.80157569099998 -35.38921147299993, -58.80232522099993 -35.383429381999974, -58.799576943999966 -35.38317953899997, -58.79900587299994 -35.38896162899994)))",Imagery Esri 2002-2003
areas_de_actividad_agropecuaria_AL270.1018,1018,2,Establecimiento Agropecuario,,,,IGN,-1,"MULTIPOLYGON (((-58.80932083599998 -35.37986019099998, -58.80817869499998 -35.38214447299998, -58.804431043999955 -35.38164478699997, -58.80418120099995 -35.38346507399996, -58.80878545799993 -35.383750609999936, -58.81353248199997 -35.38417891299997, -58.81403216899997 -35.380288493999956, -58.80932083599998 -35.37986019099998)))",Imagery Esri 2002-2003
areas_de_actividad_agropecuaria_AL270.1019,1019,2,Establecimiento Agropecuario,,,,IGN,-1,"MULTIPOLYGON (((-58.82459452399996 -35.380615026999976, -58.82392827499996 -35.383803504999946, -58.82654568199996 -35.38258997999998, -58.827640233999944 -35.37423807199997, -58.82549871899994 -35.37411909799994, -58.82459452399996 -35.380615026999976)))",Imagery Esri 2002-2003
areas_de_actividad_agropecuaria_AL270.1020,1020,2,Establecimiento Agropecuario,,,,IGN,-1,"MULTIPOLYGON (((-58.85110891199997 -35.37279134599993, -58.855439530999945 -35.37678884099995, -58.85672443999994 -35.37624156499993, -58.85517778999997 -35.374409379999975, -58.85272694499997 -35.37176817799997, -58.85110891199997 -35.37279134599993)))",Imagery Esri 2002-2003
areas_de_actividad_agropecuaria_AL270.1021,1021,2,Establecimiento Agropecuario,,,,IGN,-1,"MULTIPOLYGON (((-58.834416992999934 -35.37374312999998, -58.83889037899996 -35.37414763899994, -58.83936627199995 -35.369388716999936, -58.834964268999954 -35.36896041399996, -58.834416992999934 -35.37374312999998)))",Imagery Esri 2002-2003
areas_de_actividad_agropecuaria_AL270.1022,1022,2,Establecimiento Agropecuario,,,,IGN,-1,"MULTIPOLYGON (((-57.28054115699996 -35.52079796099997, -57.28064060899993 -35.520792202999985, -57.28074022499993 -35.52079293699995, -57.28083958199994 -35.520800158999975, -57.280938256999946 -35.52081383899997, -57.28103583099994 -35.52083391799994, -57.28113188999998 -35.52086031099998, -57.28122602499997 -35.52089290599997, -57.28131783699996 -35.520931563999966, -57.28140693499995 -35.52097612199998, -57.281492940999954 -35.52102638899993, -57.282059251999954 -35.52130716499994, -57.28280814599998 -35.51989539999994, -57.279267507999975 -35.51833923199996, -57.27793802599996 -35.51975099799995, -57.278183110999976 -35.52003415399997, -57.278797011999984 -35.52031017099995, -57.27952274699999 -35.520636156999956, -57.27960758399996 -35.52068054399996, -57.279695121999964 -35.52071933499997, -57.27978498999994 -35.52075236899998, -57.27987681199994 -35.52077950499995, -57.27997019999998 -35.52080062899995, -57.28006476199994 -35.52081565299994, -57.28016009799995 -35.52082451299998, -57.28025580899998 -35.52082717199994, -57.28035148999999 -35.52082361899994, -57.280446739999945 -35.52081386799995, -57.28054115699996 -35.52079796099997)))",Esri-World_Imagery 2010
areas_de_actividad_agropecuaria_AL270.1023,1023,2,Establecimiento Agropecuario,,,,IGN,-1,"MULTIPOLYGON (((-58.19005690899996 -35.29710356399994, -58.19343804999994 -35.30006544399998, -58.19480403099993 -35.29646790999993, -58.19120649699994 -35.29511545299994, -58.19005690899996 -35.29710356399994)))",Imagery Esri 2000-2001-2006-2008
areas_de_actividad_agropecuaria_AL270.1024,1024,2,Establecimiento Agropecuario,,,,IGN,-1,"MULTIPOLYGON (((-58.28241620799997 -35.383620260999976, -58.28118407699998 -35.384568995999985, -58.28385939999998 -35.38708029999998, -58.28470528699995 -35.386647402999984, -58.287504455999965 -35.38526193799993, -58.28692831999996 -35.38430390999997, -58.28674007799998 -35.38422949899996, -58.28638070599993 -35.384355066999944, -58.286055559999966 -35.38452248999994, -58.28578175299998 -35.38446668199998, -58.28518279999997 -35.38363886399998, -58.28434997099998 -35.38218783599996, -58.283568479999985 -35.38278778399996, -58.28241620799997 -35.383620260999976)))",Esri-World_Imagery 2010
areas_de_actividad_agropecuaria_AL270.1025,1025,2,Establecimiento Agropecuario,,,,IGN,-1,"MULTIPOLYGON (((-58.86636007299995 -35.40669177799998, -58.868531330999986 -35.406870236999964, -58.86870979099996 -35.40576973699996, -58.866508789999955 -35.40556153399996, -58.86636007299995 -35.40669177799998)))",Imagery Esri 2002-2003
areas_de_actividad_agropecuaria_AL270.1026,1026,2,Establecimiento Agropecuario,,,,IGN,-1,"MULTIPOLYGON (((-58.824202885999966 -35.42482602499996, -58.82624847499994 -35.425024786999984, -58.82658802599997 -35.42221727799995, -58.82452587399996 -35.42201023499996, -58.824202885999966 -35.42482602499996)))",Imagery Esri 2002-2003
areas_de_actividad_agropecuaria_AL270.1027,1027,2,Establecimiento Agropecuario,,,,IGN,-1,"MULTIPOLYGON (((-58.82710504299996 -35.43291207499993, -58.829079597999964 -35.43307662099994, -58.82923548399998 -35.43191613699997, -58.82726483199997 -35.431713351999974, -58.82710504299996 -35.43291207499993)))",Imagery Esri 2002-2003
areas_de_actividad_agropecuaria_AL270.1028,1028,2,Establecimiento Agropecuario,,,,IGN,-1,"MULTIPOLYGON (((-58.86863569099995 -35.50964129699997, -58.869726431999936 -35.51057056199994, -58.87150532099997 -35.50919871699995, -58.87062016099998 -35.50822789699998, -58.86863569099995 -35.50964129699997)))",Imagery Esri 2002-2003
areas_de_actividad_agropecuaria_AL270.1029,1029,2,Establecimiento Agropecuario,,,,IGN,-1,"MULTIPOLYGON (((-58.86837435699994 -35.504272327999956, -58.86834301699997 -35.50535588699995, -58.86869510099996 -35.50499260899994, -58.86988742999995 -35.50413434099994, -58.870258287999945 -35.50387344099994, -58.87037726099999 -35.50168433699997, -58.870258287999945 -35.50151777399998, -58.86985377899998 -35.50139880099994, -58.86844989799994 -35.50166054199997, -58.86837435699994 -35.504272327999956)))",Imagery Esri 2002-2003
areas_de_actividad_agropecuaria_AL270.1030,1030,2,Establecimiento Agropecuario,,,,IGN,-1,"MULTIPOLYGON (((-58.85931296199993 -35.50148926299994, -58.860769191999964 -35.50273134199995, -58.866008765999936 -35.501931842999966, -58.865509078999935 -35.49999999999994, -58.85901314999995 -35.49999999999994, -58.85920455499996 -35.50105998799995, -58.85931296199993 -35.50148926299994)))",Imagery Esri 2002-2003
areas_de_actividad_agropecuaria_AL270.1031,1031,2,Establecimiento Agropecuario,,,,IGN,-1,"MULTIPOLYGON (((-58.964401135999935 -35.50124979299994, -58.96564797299993 -35.50241572799996, -58.967070890999935 -35.50136400699995, -58.96569556299994 -35.50024565999996, -58.964401135999935 -35.50124979299994)))",IGN
areas_de_actividad_agropecuaria_AL270.1032,1032,2,Establecimiento Agropecuario,,,,IGN,-1,"MULTIPOLYGON (((-58.99999999999994 -35.25320623199997, -58.99999999999994 -35.25377116399994, -59.00032575999995 -35.253529424999954, -58.99999999999994 -35.25320623199997)))",Esri-World_Imagery 2010
areas_de_actividad_agropecuaria_AL270.1033,1033,2,Establecimiento Agropecuario,,,,IGN,-1,"MULTIPOLYGON (((-59.120543365999936 -35.16712530799998, -59.12387863899994 -35.16722007599998, -59.12388839099998 -35.16666666699996, -59.120545351999965 -35.16666666699996, -59.120543365999936 -35.16712530799998)))",Esri-World_Imagery 2010
areas_de_actividad_agropecuaria_AL270.1034,1034,2,Establecimiento Agropecuario,,,,IGN,-1,"MULTIPOLYGON (((-58.269151045999934 -35.16666666699996, -58.27170120999995 -35.16666666699996, -58.271946741999955 -35.16499061999997, -58.27121862699994 -35.16487640599996, -58.27144705499995 -35.16406262999993, -58.270059500999935 -35.16382908099996, -58.268582176999985 -35.16636448799994, -58.26840511199998 -35.16666666699996, -58.269151045999934 -35.16666666699996)))",Esri-World_Imagery  2001-2002-2006-2010
areas_de_actividad_agropecuaria_AL270.1035,1035,2,Establecimiento Agropecuario,,,,IGN,-1,"MULTIPOLYGON (((-59.23341343199996 -35.531090365999944, -59.235250804999964 -35.53321748299993, -59.23670703499994 -35.53243939999993, -59.23484651599995 -35.530235689999984, -59.23341343199996 -35.531090365999944)))",Esri-World_Imagery 2010-2002-2001
areas_de_actividad_agropecuaria_AL270.1036,1036,2,Establecimiento Agropecuario,,,,IGN,-1,"MULTIPOLYGON (((-59.233694637999974 -35.53689375099998, -59.23602175099995 -35.53700796499993, -59.23602175099995 -35.535687363999955, -59.23376602199994 -35.535694501999956, -59.233694637999974 -35.53689375099998)))",Esri-World_Imagery 2010-2002-2001
areas_de_actividad_agropecuaria_AL270.1037,1037,2,Establecimiento Agropecuario,,,,IGN,-1,"MULTIPOLYGON (((-59.22986658499997 -35.50242877499994, -59.231097955999985 -35.50270003399993, -59.231230015999984 -35.502200346999985, -59.22967741799994 -35.500929714999984, -59.22921699199998 -35.50126164999995, -59.229995075999966 -35.501868411999965, -59.22986658499997 -35.50242877499994)))",Esri-World_Imagery 2010-2002-2001
areas_de_actividad_agropecuaria_AL270.1038,1038,2,Establecimiento Agropecuario,,,,IGN,-1,"MULTIPOLYGON (((-58.259767470999975 -35.11905988399997, -58.26413616099995 -35.12068743599997, -58.26598262299996 -35.117556064999974, -58.26235632399994 -35.114462765999974, -58.259767470999975 -35.11905988399997)))",Esri-World_Imagery  2001-2002-2006-2010
areas_de_actividad_agropecuaria_AL270.1039,1039,2,Establecimiento Agropecuario,,,,IGN,-1,"MULTIPOLYGON (((-58.26244198499995 -35.11426289099995, -58.26614442599998 -35.11747040399996, -58.268152690999955 -35.11401542699997, -58.26438362499994 -35.11084598499997, -58.26244198499995 -35.11420578399998, -58.26244198499995 -35.11426289099995)))",Esri-World_Imagery  2001-2002-2006-2010
areas_de_actividad_agropecuaria_AL270.1040,1040,2,Establecimiento Agropecuario,,,,IGN,-1,"MULTIPOLYGON (((-58.274623634999955 -35.136399610999945, -58.27790729199995 -35.13926686199994, -58.28117905099998 -35.13650668699995, -58.27796677799995 -35.133710820999966, -58.274623634999955 -35.136399610999945)))",Esri-World_Imagery  2001-2002-2006-2010
areas_de_actividad_agropecuaria_AL270.1041,1041,2,Establecimiento Agropecuario,,,,IGN,-1,"MULTIPOLYGON (((-58.39574295999995 -35.02676178199994, -58.39769887699998 -35.02781826199998, -58.40035435499993 -35.024363284999936, -58.39669133899997 -35.02254717599993, -58.39624264599996 -35.02446322199995, -58.39574295999995 -35.02676178199994)))",Esri-World_Imagery  2001-2002-2006-2010
areas_de_actividad_agropecuaria_AL270.1042,1042,2,Establecimiento Agropecuario,,,,IGN,-1,"MULTIPOLYGON (((-58.35145860299997 -35.15974274399997, -58.35562265999994 -35.162669480999966, -58.35724069299994 -35.16128939399994, -58.357343054999944 -35.16118156799996, -58.35317181499994 -35.15817229999993, -58.35145860299997 -35.15974274399997)))",Esri-World_Imagery  2001-2002-2006-2010
areas_de_actividad_agropecuaria_AL270.1043,1043,2,Establecimiento Agropecuario,,,,IGN,-1,"MULTIPOLYGON (((-58.26787826399993 -35.07738948799994, -58.271203560999936 -35.079887921999955, -58.27319041099997 -35.07809737699995, -58.27000788199996 -35.075747658999944, -58.26787826399993 -35.07738948799994)))",Esri-World_Imagery  2001-2002-2006-2010
areas_de_actividad_agropecuaria_AL270.1044,1044,2,Establecimiento Agropecuario,,,,IGN,-1,"MULTIPOLYGON (((-58.273079364999944 -35.11216004199997, -58.274666700999944 -35.11335289099998, -58.27537617399997 -35.11282541899993, -58.27687872499996 -35.11170831599998, -58.27717347299995 -35.111491771999965, -58.27562168399999 -35.11017266999994, -58.27528343899996 -35.110440195999956, -58.273079364999944 -35.11216004199997)))",Esri-World_Imagery  2001-2002-2006-2010
areas_de_actividad_agropecuaria_AL270.1045,1045,2,Establecimiento Agropecuario,,,,IGN,-1,"MULTIPOLYGON (((-58.41022761499994 -35.018618267999955, -58.41238102799997 -35.019837741999936, -58.41368973099998 -35.01835057899996, -58.411232937999955 -35.01695859399996, -58.41028115299997 -35.01793417299996, -58.41018597499993 -35.01851714099996, -58.41022761499994 -35.018618267999955)))",Esri-World_Imagery  2001-2002-2006-2010
areas_de_actividad_agropecuaria_AL270.1046,1046,2,Establecimiento Agropecuario,,,,IGN,-1,"MULTIPOLYGON (((-58.40790169199994 -35.01234243999994, -58.410685661999935 -35.013984267999945, -58.410959299999945 -35.011884392999946, -58.40918660099999 -35.010890967999956, -58.40790169199994 -35.01234243999994)))",Esri-World_Imagery  2001-2002-2006-2010
areas_de_actividad_agropecuaria_AL270.1047,1047,2,Establecimiento Agropecuario,,,,IGN,-1,"MULTIPOLYGON (((-58.252048885999955 -35.15019456199997, -58.25404763299997 -35.15192204999994, -58.254418828999974 -35.15180783599993, -58.25461156499995 -35.15049437399995, -58.25211313099999 -35.14838855099998, -58.252048885999955 -35.15019456199997)))",Esri-World_Imagery  2001-2002-2006-2010
areas_de_actividad_agropecuaria_AL270.1048,1048,2,Establecimiento Agropecuario,,,,IGN,-1,"MULTIPOLYGON (((-58.30573310999995 -35.06370560399995, -58.30695853199995 -35.06490723199994, -58.308564667999974 -35.06374129599993, -58.30875502499998 -35.063443862999975, -58.30826723499996 -35.06297986799996, -58.307874623999965 -35.06278951099995, -58.30719647799998 -35.062611051999966, -58.30642315299997 -35.062622948999945, -58.30563793099998 -35.06356283599996, -58.30573310999995 -35.06370560399995)))",Esri-World_Imagery  2001-2002-2006-2010
areas_de_actividad_agropecuaria_AL270.1049,1049,2,Establecimiento Agropecuario,,,,IGN,-1,"MULTIPOLYGON (((-58.275170910999975 -35.132937495999954, -58.27653910199996 -35.13435327499997, -58.277705036999976 -35.13349666899995, -58.276241668999944 -35.13212847899996, -58.275170910999975 -35.132937495999954)))",Esri-World_Imagery  2001-2002-2006-2010
areas_de_actividad_agropecuaria_AL270.1050,1050,2,Establecimiento Agropecuario,,,,IGN,-1,"MULTIPOLYGON (((-58.43312719099998 -35.05083188699996, -58.434412099999975 -35.05128160499993, -58.43508310799996 -35.05090327099998, -58.43461911299994 -35.05048210599995, -58.43438354699998 -35.05043213799996, -58.43342700299996 -35.04990389699998, -58.43257753599994 -35.04941848699997, -58.43192794299995 -35.05052493699998, -58.432192062999945 -35.05063201199994, -58.43312719099998 -35.05083188699996)))",Esri-World_Imagery  2001-2002-2006-2010
areas_de_actividad_agropecuaria_AL270.1051,1051,2,Establecimiento Agropecuario,,,,IGN,-1,"MULTIPOLYGON (((-58.279986005999945 -35.11084116799998, -58.28113621999995 -35.11184595299994, -58.28127898799994 -35.11183167699994, -58.28239257599995 -35.11088940999997, -58.28242469799994 -35.110865614999966, -58.28240685199995 -35.11084182099995, -58.282080116999964 -35.11058457199994, -58.281776278999985 -35.11034535099998, -58.281092901999955 -35.10977551299993, -58.279879351999966 -35.11071828399997, -58.27990727699995 -35.110750457999984, -58.279986005999945 -35.11084116799998)))",Esri-World_Imagery  2001-2002-2006-2010
areas_de_actividad_agropecuaria_AL270.1052,1052,2,Establecimiento Agropecuario,,,,IGN,-1,"MULTIPOLYGON (((-58.40854860699994 -35.02444049199994, -58.40967344499995 -35.02511628399998, -58.41018028899998 -35.024533857999984, -58.41088275699997 -35.023698010999965, -58.40977570299998 -35.02300443499996, -58.40914881699996 -35.023751362999974, -58.40854860699994 -35.02444049199994)))",Esri-World_Imagery  2001-2002-2006-2010
areas_de_actividad_agropecuaria_AL270.1053,1053,2,Establecimiento Agropecuario,,,,IGN,-1,"MULTIPOLYGON (((-58.40406266999997 -35.036069115999965, -58.403488624999966 -35.036723467999934, -58.40285509299997 -35.03744920299994, -58.40399128599995 -35.03812734999997, -58.40519588799998 -35.03674131399998, -58.40406266999997 -35.036069115999965), (-58.40490951999993 -35.03664863399996, -58.40476080399998 -35.03685088799995, -58.40426706599993 -35.03658914699997, -58.40423137399995 -35.03657130099998, -58.40443957699995 -35.03636904699994, -58.40490951999993 -35.03664863399996)))",Esri-World_Imagery  2001-2002-2006-2010
areas_de_actividad_agropecuaria_AL270.1054,1054,2,Establecimiento Agropecuario,,,,IGN,-1,"MULTIPOLYGON (((-58.443589680999935 -35.05751460299996, -58.44493407699997 -35.05878166599996, -58.44585016899998 -35.057925059999945, -58.444553362999955 -35.05675317599997, -58.443589680999935 -35.05751460299996)))",Esri-World_Imagery  2001-2002-2006-2010
areas_de_actividad_agropecuaria_AL270.1055,1055,2,Establecimiento Agropecuario,,,,IGN,-1,"MULTIPOLYGON (((-58.362499999999955 -35.16666666699996, -58.362689658999955 -35.16666666699996, -58.36083367899994 -35.165405860999954, -58.35938220799994 -35.16666666699996, -58.362499999999955 -35.16666666699996)))",Esri-World_Imagery  2001-2002-2006-2010
areas_de_actividad_agropecuaria_AL270.1056,1056,2,Establecimiento Agropecuario,,,,IGN,-1,"MULTIPOLYGON (((-58.31446448599996 -35.05407863499994, -58.31525893999998 -35.05478561399997, -58.31582049299993 -35.054366828999946, -58.31666758099993 -35.05503307799995, -58.31679760299994 -35.05491349499994, -58.31785370499995 -35.05410518699995, -58.31621494299998 -35.052609108999945, -58.31505051299996 -35.05355256299998, -58.31446448599996 -35.05407863499994)))",Esri-World_Imagery  2001-2002-2006-2010
areas_de_actividad_agropecuaria_AL270.1057,1057,2,Establecimiento Agropecuario,,,,IGN,-1,"MULTIPOLYGON (((-58.43715323899994 -35.05245943799997, -58.437395943999945 -35.05246657699996, -58.43895924999998 -35.05136012699995, -58.43839531799995 -35.05086044099994, -58.43654647699998 -35.05217390299998, -58.436803458999975 -35.05228811699993, -58.43715323899994 -35.05245943799997)))",Esri-World_Imagery  2001-2002-2006-2010
areas_de_actividad_agropecuaria_AL270.1058,1058,2,Establecimiento Agropecuario,,,,IGN,-1,"MULTIPOLYGON (((-58.314691779999976 -35.05005939499995, -58.31595289499995 -35.05120153599995, -58.316309813999965 -35.050440108999965, -58.315072493999935 -35.04936935099994, -58.314691779999976 -35.05005939499995)))",Esri-World_Imagery  2001-2002-2006-2010
areas_de_actividad_agropecuaria_AL270.1059,1059,2,Establecimiento Agropecuario,,,,IGN,-1,"MULTIPOLYGON (((-58.31123982799994 -35.05696358999995, -58.311813480999945 -35.057441091999976, -58.31219419499996 -35.05723169999993, -58.312984175999986 -35.05796457399998, -58.31359519899996 -35.057495969999934, -58.31425004899995 -35.05699375399996, -58.31279386999995 -35.055618934999984, -58.31123982799994 -35.05696358999995)))",Esri-World_Imagery  2001-2002-2006-2010
areas_de_actividad_agropecuaria_AL270.1060,1060,2,Establecimiento Agropecuario,,,,IGN,-1,"MULTIPOLYGON (((-58.38805425099997 -35.012320012999965, -58.388432584999975 -35.01292677599997, -58.38974604799995 -35.01237711999994, -58.38939626699994 -35.01172038899995, -58.38805425099997 -35.012320012999965)))",Esri-World_Imagery  2001-2002-2006-2010
areas_de_actividad_agropecuaria_AL270.1061,1061,2,Establecimiento Agropecuario,,,,IGN,-1,"MULTIPOLYGON (((-58.40064278999995 -35.04012431199993, -58.401751617999935 -35.040728695999974, -58.402265581999984 -35.040114794999965, -58.40114247599996 -35.039472339999975, -58.40064278999995 -35.04012431199993)))",Esri-World_Imagery  2001-2002-2006-2010
areas_de_actividad_agropecuaria_AL270.1062,1062,2,Establecimiento Agropecuario,,,,IGN,-1,"MULTIPOLYGON (((-58.44405015299998 -35.00783714099998, -58.44414057299997 -35.00786093499994, -58.44465929499995 -35.00722323999997, -58.44394069799995 -35.00678065999995, -58.443883590999974 -35.006771141999934, -58.443350591999945 -35.00740407899997, -58.44335535099998 -35.00743739099994, -58.44405015299998 -35.00783714099998)))",Esri-World_Imagery  2001-2002-2006-2010
areas_de_actividad_agropecuaria_AL270.1063,1063,2,Establecimiento Agropecuario,,,,IGN,-1,"MULTIPOLYGON (((-58.39797529499998 -35.00485994699994, -58.39821324099995 -35.00540722299996, -58.399364899999966 -35.00505030399995, -58.399131712999974 -35.004512545999944, -58.39797529499998 -35.00485994699994)))",Esri-World_Imagery  2001-2002-2006-2010
areas_de_actividad_agropecuaria_AL270.1064,1064,2,Establecimiento Agropecuario,,,,IGN,-1,"MULTIPOLYGON (((-58.32506147099997 -35.03284875399993, -58.325994219999984 -35.03304862799996, -58.326165540999966 -35.03247755799998, -58.32521375699997 -35.032182503999934, -58.32506147099997 -35.03284875399993)))",Esri-World_Imagery  2001-2002-2006-2010
areas_de_actividad_agropecuaria_AL270.1065,1065,2,Establecimiento Agropecuario,,,,IGN,-1,"MULTIPOLYGON (((-58.40382496199999 -35.01163189299996, -58.40396772899999 -35.01191147999998, -58.404800540999986 -35.01156645799995, -58.40462802999997 -35.01128092199997, -58.40382496199999 -35.01163189299996)))",Esri-World_Imagery  2001-2002-2006-2010
areas_de_actividad_agropecuaria_AL270.1066,1066,2,Establecimiento Agropecuario,,,,IGN,-1,"MULTIPOLYGON (((-58.40475889999993 -35.01097754099993, -58.404889770999944 -35.01120358999998, -58.40541325199996 -35.01095969499994, -58.40524074099994 -35.01073959499996, -58.40475889999993 -35.01097754099993)))",Esri-World_Imagery  2001-2002-2006-2010
areas_de_actividad_agropecuaria_AL270.1067,1067,2,Establecimiento Agropecuario,,,,IGN,-1,"MULTIPOLYGON (((-58.295899746999964 -35.41348081599995, -58.29709805299996 -35.41557610099994, -58.29813232799995 -35.414837388999956, -58.29998810999996 -35.41421104699998, -58.30064806299998 -35.41401383799996, -58.297754820999955 -35.41212547499998, -58.295899746999964 -35.41348081599995)))",Esri-World_Imagery 2010
areas_de_actividad_agropecuaria_AL270.1068,1068,2,Establecimiento Agropecuario,,,,IGN,-1,"MULTIPOLYGON (((-58.054740497999944 -35.29257761799994, -58.05464889799998 -35.29299635999996, -58.05400115599997 -35.29294401699997, -58.053804870999954 -35.29399741599997, -58.05500875499996 -35.29413481599994, -58.05592195699995 -35.29350415099998, -58.05623678599994 -35.29355571599996, -58.056345061999934 -35.293017619999944, -58.055591068999945 -35.29292438899995, -58.055636868999954 -35.29269538899996, -58.054740497999944 -35.29257761799994)))",IGN
areas_de_actividad_agropecuaria_AL270.1069,1069,2,Establecimiento Agropecuario,,,,IGN,-1,"MULTIPOLYGON (((-58.233731424999974 -35.31136129299995, -58.23384101299996 -35.31136129299995, -58.23397918799998 -35.311337469999955, -58.23411259799997 -35.31129458799995, -58.23449853499994 -35.31119929499994, -58.23461765199994 -35.31113735399998, -58.23464623999996 -35.31108017799994, -58.23463670999996 -35.310994413999936, -58.23457476999994 -35.31081335699997, -58.23449853499994 -35.31061324199993, -58.23432700799998 -35.310222539999984, -58.23430318399994 -35.31013201099995, -58.23337884099993 -35.31035594999997, -58.233436016999974 -35.310560830999975, -58.23348366299996 -35.31072759399996, -58.233583720999945 -35.31108017799994, -58.23366948499995 -35.311299351999935, -58.233731424999974 -35.31136129299995)))",IGN
areas_de_actividad_agropecuaria_AL270.1070,1070,2,Establecimiento Agropecuario,,,,IGN,-1,"MULTIPOLYGON (((-59.10904728899993 -34.67703624899997, -59.110046662999935 -34.67795947999997, -59.11107458999999 -34.67677926799996, -59.110703393999984 -34.676398553999945, -59.111988302999976 -34.67473293099994, -59.10868561099994 -34.67414282499993, -59.108598393999955 -34.674107566999965, -59.107686237999985 -34.67539917999994, -59.109684984999944 -34.67552291199996, -59.109917834999976 -34.67647790799998, -59.10904728899993 -34.67703624899997)))",IGN
areas_de_actividad_agropecuaria_AL270.1071,1071,2,Establecimiento Agropecuario,,,,IGN,-1,"MULTIPOLYGON (((-59.11882147399996 -34.79256355599995, -59.12323022099997 -34.797178815999985, -59.12710133999997 -34.79459694099995, -59.12703405899998 -34.79453757599998, -59.125877457999934 -34.793179330999976, -59.12484694899996 -34.79196916199993, -59.12414063399996 -34.79113970599997, -59.123670956999945 -34.79057368499997, -59.121889829999986 -34.790314459999934, -59.12127289399996 -34.790385052999966, -59.120847640999955 -34.79091661899997, -59.11882147399996 -34.79256355599995)))",IGN
areas_de_actividad_agropecuaria_AL270.1072,1072,2,Establecimiento Agropecuario,,,,IGN,-1,"MULTIPOLYGON (((-59.019813511999985 -34.79479438599998, -59.023339498999974 -34.79516613599998, -59.02614376799994 -34.79382832099998, -59.025060733999965 -34.792357349999975, -59.019813511999985 -34.79479438599998)))",IGN
areas_de_actividad_agropecuaria_AL270.1073,1073,2,Establecimiento Agropecuario,,,,IGN,-1,"MULTIPOLYGON (((-59.023428672999955 -35.059960659999945, -59.025337631999946 -35.06152828199998, -59.02803672299996 -35.059518185999934, -59.027322443999935 -35.05889240099998, -59.02727187499994 -35.058595310999976, -59.026216258999966 -35.05777357399995, -59.02526809999995 -35.058500494999976, -59.023517166999966 -35.05975206499994, -59.023428672999955 -35.059960659999945)))",Esri-word_Imagery_2010
areas_de_actividad_agropecuaria_AL270.1074,1074,2,Establecimiento Agropecuario,,,,IGN,-1,"MULTIPOLYGON (((-59.06993590899998 -35.14754599799994, -59.07271987799999 -35.14812506399994, -59.07419928999997 -35.14691815899994, -59.07257139999996 -35.14551184399994, -59.06993590899998 -35.14754599799994)))",Esri-word_Imagery_2010
areas_de_actividad_agropecuaria_AL270.1075,1075,2,Establecimiento Agropecuario,,,,IGN,-1,"MULTIPOLYGON (((-59.114449579999985 -35.15024078499994, -59.11437819599996 -35.151906407999945, -59.115698796999936 -35.15188261299994, -59.11572259199994 -35.15027647699998, -59.114449579999985 -35.15024078499994)))",Esri-word_Imagery_2010
areas_de_actividad_agropecuaria_AL270.1076,1076,2,Establecimiento Agropecuario,,,,IGN,-1,"MULTIPOLYGON (((-59.11161802199996 -35.152548861999946, -59.111499048999974 -35.15441673899994, -59.11378333099998 -35.15433345799994, -59.11378333099998 -35.15278680799997, -59.11374763899994 -35.152548861999946, -59.11161802199996 -35.152548861999946)))",Esri-word_Imagery_2010
areas_de_actividad_agropecuaria_AL270.1079,1079,2,Establecimiento Agropecuario,,,,IGN,-1,"MULTIPOLYGON (((-59.11364056399998 -35.15875925599994, -59.11480649899994 -35.15875925599994, -59.114818396999965 -35.158319054999936, -59.11365246099996 -35.15829526099998, -59.11364056399998 -35.15875925599994)))",Esri-word_Imagery
areas_de_actividad_agropecuaria_AL270.1080,1080,2,Establecimiento Agropecuario,,,,IGN,-1,"MULTIPOLYGON (((-59.115877256999966 -35.16245931699996, -59.11585346199996 -35.16287572299996, -59.117483392999986 -35.16285192799995, -59.117495289999965 -35.162506906999965, -59.115877256999966 -35.16245931699996)))",Esri-word_Imagery
areas_de_actividad_agropecuaria_AL270.1081,1081,2,Establecimiento Agropecuario,,,,IGN,-1,"MULTIPOLYGON (((-59.043926434999946 -34.42195886299993, -59.04519295699998 -34.422625789999984, -59.04676445599995 -34.42227258599996, -59.04636728899993 -34.42134051299996, -59.043926434999946 -34.42195886299993)))",Esri-World_Imagery 2010
areas_de_actividad_agropecuaria_AL270.1082,1082,2,Establecimiento Agropecuario,,,,IGN,-1,"MULTIPOLYGON (((-59.05615954499996 -34.355617474999974, -59.056724188999965 -34.35684499299998, -59.058367190999945 -34.35624417899993, -59.05946131799993 -34.354835897999976, -59.05834715299994 -34.353898639999954, -59.05615954499996 -34.355617474999974)))",Esri-World_Imagery 2010
areas_de_actividad_agropecuaria_AL270.1083,1083,2,Establecimiento Agropecuario,,,,IGN,-1,"MULTIPOLYGON (((-59.027880307999965 -34.36770284299996, -59.03011484799998 -34.36974585099995, -59.03182303999995 -34.36853555999994, -59.02970134199995 -34.36640522099998, -59.027880307999965 -34.36770284299996)))",Esri-World_Imagery 2010
areas_de_actividad_agropecuaria_AL270.1084,1084,2,Establecimiento Agropecuario,,,,IGN,-1,"MULTIPOLYGON (((-59.03036759099996 -34.365703279999934, -59.031902342999956 -34.36714285399995, -59.03285412699995 -34.36653609199993, -59.03124799099999 -34.365001338999946, -59.03036759099996 -34.365703279999934)))",Esri-World_Imagery 2010
areas_de_actividad_agropecuaria_AL270.1085,1085,2,Establecimiento Agropecuario,,,,IGN,-1,"MULTIPOLYGON (((-59.00409358199994 -34.36999820699998, -59.004843111999946 -34.37084291599996, -59.006461145999936 -34.36967697999995, -59.00560453999998 -34.368927449999944, -59.00409358199994 -34.36999820699998)))",Esri-World_Imagery 2010
areas_de_actividad_agropecuaria_AL270.1086,1086,2,Establecimiento Agropecuario,,,,IGN,-1,"MULTIPOLYGON (((-59.01658362999996 -34.37695694399997, -59.018080846999965 -34.37866182499994, -59.02296679199998 -34.375122000999966, -59.02291886599994 -34.37515628899996, -59.018903525999974 -34.37640550599997, -59.01697021399997 -34.37685165499994, -59.01658362999996 -34.37695694399997)))",Esri-World_Imagery 2010
areas_de_actividad_agropecuaria_AL270.1087,1087,2,Establecimiento Agropecuario,,,,IGN,-1,"MULTIPOLYGON (((-59.018225521999966 -34.38248890699998, -59.01882038799994 -34.383054028999936, -59.02024605199995 -34.38177716599995, -59.01909389999997 -34.38067139499998, -59.01738604499997 -34.38171705299993, -59.018225521999966 -34.38248890699998)))",Esri-World_Imagery 2010
areas_de_actividad_agropecuaria_AL270.1088,1088,2,Establecimiento Agropecuario,,,,IGN,-1,"MULTIPOLYGON (((-59.021581013999935 -34.38791541599994, -59.02186364099998 -34.388193221999984, -59.02186766999995 -34.388190289999955, -59.021891463999964 -34.388172974999975, -59.023456049999936 -34.38702444099994, -59.02205987999997 -34.38580760699995, -59.02053984199995 -34.38691703599994, -59.021581013999935 -34.38791541599994)))",Esri-World_Imagery 2010
areas_de_actividad_agropecuaria_AL270.1089,1089,2,Establecimiento Agropecuario,,,,IGN,-1,"MULTIPOLYGON (((-58.99999999999994 -34.43176769199994, -58.99999999999994 -34.432151232999956, -59.00100324099998 -34.431815728999936, -59.002006481999956 -34.43148022499997, -59.00293914799994 -34.43044585299998, -59.002034297999955 -34.43002233599998, -59.001451988999975 -34.429733210999984, -59.00034272499994 -34.431287476999955, -58.99999999999994 -34.43176769199994)))",Esri-World_Imagery 2010
areas_de_actividad_agropecuaria_AL270.1090,1090,2,Establecimiento Agropecuario,,,,IGN,-1,"MULTIPOLYGON (((-59.00473978499997 -34.42809196299993, -59.007724836999955 -34.429916006999974, -59.008416748999934 -34.42970990599997, -59.009167385999945 -34.42841843699995, -59.01003826899995 -34.426955067999984, -59.00662743399994 -34.42561394799998, -59.00591759399998 -34.42654332899997, -59.005322338999974 -34.42732268499998, -59.00473978499997 -34.42809196299993)))",Esri-World_Imagery 2010
areas_de_actividad_agropecuaria_AL270.1091,1091,2,Establecimiento Agropecuario,,,,IGN,-1,"MULTIPOLYGON (((-59.03456918799998 -34.44499221399997, -59.03647170099998 -34.446152558999984, -59.03735317799993 -34.445040898999935, -59.03559558799998 -34.44368983399994, -59.03456918799998 -34.44499221399997)))",Esri-World_Imagery 2010
areas_de_actividad_agropecuaria_AL270.1092,1092,2,Establecimiento Agropecuario,,,,IGN,-1,"MULTIPOLYGON (((-59.049354290999986 -34.49143019599995, -59.05031097999995 -34.49193704199996, -59.05126243099994 -34.49065799799996, -59.05032968199998 -34.49018210599996, -59.049354290999986 -34.49143019599995)))",Esri-World_Imagery 2010
areas_de_actividad_agropecuaria_AL270.1093,1093,2,Establecimiento Agropecuario,,,,IGN,-1,"MULTIPOLYGON (((-59.048928769999975 -34.37088174599995, -59.05049094599997 -34.371786165999936, -59.05178493699998 -34.370226285999934, -59.04899925899997 -34.368721628999936, -59.047786832999975 -34.370329726999955, -59.048928769999975 -34.37088174599995)))",Esri-World_Imagery 2010
areas_de_actividad_agropecuaria_AL270.1094,1094,2,Establecimiento Agropecuario,,,,IGN,-1,"MULTIPOLYGON (((-59.11451207399995 -34.43677272399998, -59.11708613099995 -34.43792842399995, -59.11811228099998 -34.43652706199998, -59.12121621599994 -34.43228988699997, -59.12129303099994 -34.432185026999946, -59.12164133799996 -34.43170955399995, -59.12215698899996 -34.43100563999997, -59.12243401899997 -34.43062661699997, -59.11907183399995 -34.429005297999936, -59.118909317999965 -34.42893477999996, -59.11519735799993 -34.43420290599994, -59.11595402699999 -34.434631208999974, -59.11451207399995 -34.43677272399998)))",Esri-World_Imagery 2010
areas_de_actividad_agropecuaria_AL270.1095,1095,2,Establecimiento Agropecuario,,,,IGN,-1,"MULTIPOLYGON (((-59.11487443499993 -34.415222695999944, -59.115277945999935 -34.41552892499993, -59.115505420999966 -34.41524307099996, -59.115619557999935 -34.41509964199997, -59.115623203999974 -34.41509506099993, -59.11564728399998 -34.41506480099997, -59.11593704799998 -34.41470067299997, -59.116030870999964 -34.41458277099997, -59.11626523599995 -34.41428825999998, -59.11630032499994 -34.414244165999946, -59.11634021699996 -34.41419403599997, -59.116454277999935 -34.41404102699994, -59.11676101499995 -34.41362955099993, -59.11689351599995 -34.413451804999966, -59.11731579599996 -34.41288533199997, -59.11716328799997 -34.412816550999935, -59.11387771099999 -34.41133475899994, -59.11225967699994 -34.41323832799998, -59.11432787799998 -34.41480790799994, -59.114873958999965 -34.41522233499995, -59.11487443499993 -34.415222695999944)))",Esri-World_Imagery 2010
areas_de_actividad_agropecuaria_AL270.1096,1096,2,Establecimiento Agropecuario,,,,IGN,-1,"MULTIPOLYGON (((-59.07714425399996 -34.48859769699993, -59.07880192499994 -34.48945390399996, -59.07927582299993 -34.488778887999956, -59.07759783199998 -34.48795452099995, -59.07685716499998 -34.487590644999955, -59.07439707699996 -34.48638204799994, -59.07405250199997 -34.48700076799997, -59.07714425399996 -34.48859769699993)))",Esri-World_Imagery 2010
areas_de_actividad_agropecuaria_AL270.1097,1097,2,Establecimiento Agropecuario,,,,IGN,-1,"MULTIPOLYGON (((-59.10338280099995 -35.20028795899998, -59.10411125899998 -35.20192560099997, -59.105100800999935 -35.20116267199995, -59.10464986399995 -35.20022252299998, -59.10457253199996 -35.19999647499998, -59.10338280099995 -35.20028795899998)))",Esri-World_Imagery 2010
areas_de_actividad_agropecuaria_AL270.1098,1098,2,Establecimiento Agropecuario,,,,IGN,-1,"MULTIPOLYGON (((-59.097502738999935 -35.20148068999998, -59.09783971899998 -35.20266441699994, -59.098807705999945 -35.20249080599996, -59.09863013599994 -35.20210709099996, -59.09823974699998 -35.201299405999976, -59.097502738999935 -35.20148068999998)))",Esri-World_Imagery 2010
areas_de_actividad_agropecuaria_AL270.1099,1099,2,Establecimiento Agropecuario,,,,IGN,-1,"MULTIPOLYGON (((-59.08457811899996 -35.208338269999956, -59.08587533299993 -35.209567238999966, -59.086089484999945 -35.209360225999944, -59.08667483199997 -35.208917645999975, -59.08708171999996 -35.20875346299994, -59.08744959599994 -35.208696378999946, -59.088304354999934 -35.20809913399995, -59.08688024799994 -35.20677377399994, -59.08457811899996 -35.208338269999956)))",Esri-World_Imagery 2010
areas_de_actividad_agropecuaria_AL270.1100,1100,2,Establecimiento Agropecuario,,,,IGN,-1,"MULTIPOLYGON (((-59.08635360499994 -35.21528032499998, -59.08643926599996 -35.215385020999975, -59.08665817599996 -35.21528984299994, -59.087667066999984 -35.21459503999995, -59.088104887999975 -35.21433805799995, -59.09063860699996 -35.21242975299998, -59.08823013699998 -35.21020670399997, -59.08709817799996 -35.212492389999966, -59.085988301999976 -35.21469791199996, -59.08609956899994 -35.21479876199993, -59.08621083699995 -35.214899610999964, -59.08627746199994 -35.215070931999946, -59.08635360499994 -35.21528032499998)))",Esri-World_Imagery 2010
areas_de_actividad_agropecuaria_AL270.1101,1101,2,Establecimiento Agropecuario,,,,IGN,-1,"MULTIPOLYGON (((-59.08922541599998 -35.203014044999975, -59.08892560399994 -35.20327816499997, -59.088836957999945 -35.20317325299993, -59.08782568699996 -35.20383950199994, -59.08919757499996 -35.20515150799997, -59.09049737599997 -35.20423765499993, -59.08982503999994 -35.203649360999975, -59.08922541599998 -35.203014044999975)))",Esri-World_Imagery 2010
areas_de_actividad_agropecuaria_AL270.1102,1102,2,Establecimiento Agropecuario,,,,IGN,-1,"MULTIPOLYGON (((-59.06100590999995 -35.17752591599998, -59.06233840799996 -35.17882034199994, -59.063819741999964 -35.177747771999975, -59.06338914299994 -35.17732333699996, -59.06251611799996 -35.17646150599995, -59.06104304699994 -35.17749974099996, -59.06100590999995 -35.17752591599998)))",Esri-World_Imagery 2010
areas_de_actividad_agropecuaria_AL270.1103,1103,2,Establecimiento Agropecuario,,,,IGN,-1,"MULTIPOLYGON (((-59.22482425599998 -35.277662464999935, -59.227672380999934 -35.27881788499997, -59.22829103999999 -35.27718081599994, -59.22765064499998 -35.27702156399994, -59.229393647999984 -35.27558830199996, -59.22847309399998 -35.274869251999974, -59.226149222999936 -35.27664819299997, -59.22482425599998 -35.277662464999935)))",Esri-World_Imagery 2010
areas_de_actividad_agropecuaria_AL270.1104,1104,2,Establecimiento Agropecuario,,,,IGN,-1,"MULTIPOLYGON (((-59.243345889999944 -35.31536640599995, -59.24624883299998 -35.31782914799993, -59.24699836299993 -35.31726997499993, -59.24525421799996 -35.31565907999993, -59.24686035399998 -35.31440272499998, -59.245703935999984 -35.31341048899998, -59.24514238299997 -35.313843550999934, -59.243345889999944 -35.31536640599995)))",Esri-World_Imagery 2010
areas_de_actividad_agropecuaria_AL270.1105,1105,2,Establecimiento Agropecuario,,,,IGN,-1,"MULTIPOLYGON (((-59.15618633299994 -35.23786428799997, -59.157614008999985 -35.23900642899997, -59.15896936099995 -35.23802393999995, -59.15762170499994 -35.23683012599997, -59.15618633299994 -35.23786428799997)))",Esri-World_Imagery 2010
areas_de_actividad_agropecuaria_AL270.1106,1106,2,Establecimiento Agropecuario,,,,IGN,-1,"MULTIPOLYGON (((-59.15450370199994 -35.23406805899998, -59.15593790299994 -35.23533853799995, -59.16024039299998 -35.23185728899995, -59.15733545899997 -35.23202911899995, -59.15450370199994 -35.23406805899998)))",Esri-World_Imagery 2010
areas_de_actividad_agropecuaria_AL270.1107,1107,2,Establecimiento Agropecuario,,,,IGN,-1,"MULTIPOLYGON (((-59.12840933099994 -35.16876360699996, -59.12990994499995 -35.168784965999976, -59.129938497999945 -35.16727876699997, -59.13010268099998 -35.16727162799998, -59.130081265999934 -35.16677194199997, -59.12842916699998 -35.16680767399998, -59.12840933099994 -35.16876360699996)))",Esri-World_Imagery 2010
areas_de_actividad_agropecuaria_AL270.1108,1108,2,Establecimiento Agropecuario,,,,IGN,-1,"MULTIPOLYGON (((-59.120545351999965 -35.16666666699996, -59.12388839099998 -35.16666666699996, -59.12391214999997 -35.16531845099996, -59.12055165199996 -35.16521152699994, -59.120545351999965 -35.16666666699996)))",Esri-World_Imagery 2010
areas_de_actividad_agropecuaria_AL270.1109,1109,2,Establecimiento Agropecuario,,,,IGN,-1,"MULTIPOLYGON (((-59.070295880999936 -35.26496833199997, -59.07001986299997 -35.265301455999975, -59.06941193999995 -35.26512963099998, -59.069182429999955 -35.26564535199998, -59.06904182399995 -35.26596130299998, -59.071913913999936 -35.26845186199995, -59.07322737699997 -35.26753814899996, -59.070295880999936 -35.26496833199997)))",Esri-World_Imagery 2010
areas_de_actividad_agropecuaria_AL270.1110,1110,2,Establecimiento Agropecuario,,,,IGN,-1,"MULTIPOLYGON (((-59.04124478299997 -35.230842809999956, -59.04278084799995 -35.23234969299995, -59.04329681399997 -35.23216628999995, -59.04437129399997 -35.231795863999935, -59.04523949299994 -35.23154631999995, -59.04584625599995 -35.23141544999993, -59.04646113399997 -35.23130743099995, -59.04533146799997 -35.229898050999964, -59.04124478299997 -35.230842809999956)))",Esri-World_Imagery 2010
areas_de_actividad_agropecuaria_AL270.1111,1111,2,Establecimiento Agropecuario,,,,IGN,-1,"MULTIPOLYGON (((-59.00444259699998 -35.24622148799995, -59.00691385999994 -35.24864515699994, -59.00867024699994 -35.247326966999935, -59.00652372899998 -35.24526077199994, -59.00444259699998 -35.24622148799995)))",Esri-World_Imagery 2010
areas_de_actividad_agropecuaria_AL270.1112,1112,2,Establecimiento Agropecuario,,,,IGN,-1,"MULTIPOLYGON (((-59.01565720999997 -35.23745164999997, -59.01715851899996 -35.23876090299996, -59.020247418999986 -35.23668436999998, -59.018950383999936 -35.23528158099998, -59.01565720999997 -35.23745164999997)))",Esri-World_Imagery 2010
areas_de_actividad_agropecuaria_AL270.1113,1113,2,Establecimiento Agropecuario,,,,IGN,-1,"MULTIPOLYGON (((-59.15638464099993 -35.29337901699995, -59.157242543999985 -35.29419026399995, -59.15851133299998 -35.29325050799997, -59.15764099599994 -35.29247957999996, -59.15638464099993 -35.29337901699995)))",Esri-World_Imagery 2010
areas_de_actividad_agropecuaria_AL270.1114,1114,2,Establecimiento Agropecuario,,,,IGN,-1,"MULTIPOLYGON (((-59.09155408099997 -35.18328343799993, -59.09236289099994 -35.18330496899995, -59.09239589499998 -35.182065173999945, -59.09158708499996 -35.18204364299993, -59.09155408099997 -35.18328343799993)))",Esri-World_Imagery 2010
areas_de_actividad_agropecuaria_AL270.1115,1115,2,Establecimiento Agropecuario,,,,IGN,-1,"MULTIPOLYGON (((-59.09147770799996 -35.18615240599996, -59.09226533399993 -35.18615705399998, -59.09227439299997 -35.18462189899998, -59.091486766999935 -35.18461725099996, -59.09147770799996 -35.18615240599996)))",Esri-World_Imagery 2010
areas_de_actividad_agropecuaria_AL270.1116,1116,2,Establecimiento Agropecuario,,,,IGN,-1,"MULTIPOLYGON (((-59.10039413199996 -35.48862535199993, -59.101107970999976 -35.48932491399995, -59.10204666799996 -35.48871458199994, -59.10134710699998 -35.48801145199997, -59.10039413199996 -35.48862535199993)))",Esri-World_Imagery 2010
areas_de_actividad_agropecuaria_AL270.1117,1117,2,Establecimiento Agropecuario,,,,IGN,-1,"MULTIPOLYGON (((-59.10229294199996 -35.488768119999975, -59.10302105699998 -35.48946768199994, -59.10399187699994 -35.48883593499994, -59.10318523999996 -35.48816135799996, -59.10229294199996 -35.488768119999975)))",Esri-World_Imagery 2010
areas_de_actividad_agropecuaria_AL270.1118,1118,2,Establecimiento Agropecuario,,,,IGN,-1,"MULTIPOLYGON (((-59.09453234799997 -35.49233741099994, -59.09559356999995 -35.49354012899994, -59.09835612399996 -35.49166987299998, -59.09741561799996 -35.49073480299995, -59.09729401199996 -35.490666275999956, -59.09453234799997 -35.49233741099994)))",Esri-World_Imagery 2010
areas_de_actividad_agropecuaria_AL270.1119,1119,2,Establecimiento Agropecuario,,,,IGN,-1,"MULTIPOLYGON (((-59.11730108699999 -35.49076759199994, -59.11936636799999 -35.49299398299996, -59.12019323099997 -35.49239316899997, -59.118188534999945 -35.49015647599998, -59.11730108699999 -35.49076759199994)))",Esri-World_Imagery 2010
areas_de_actividad_agropecuaria_AL270.1120,1120,2,Establecimiento Agropecuario,,,,IGN,-1,"MULTIPOLYGON (((-59.10901880599994 -35.48928975699994, -59.110055683999974 -35.49030620399998, -59.110144168999966 -35.490212188999976, -59.11071951499997 -35.49019234899998, -59.11162431599996 -35.48967641999997, -59.11044053399996 -35.48848074099993, -59.10901880599994 -35.48928975699994)))",Esri-World_Imagery 2010
areas_de_actividad_agropecuaria_AL270.1121,1121,2,Establecimiento Agropecuario,,,,IGN,-1,"MULTIPOLYGON (((-59.07901616299995 -35.48693459899994, -59.07972645099994 -35.48805743499997, -59.08125406499994 -35.48720796699996, -59.082003595999936 -35.48687246299994, -59.08092653899996 -35.48558576999994, -59.07901616299995 -35.48693459899994)))",Esri-World_Imagery 2010
areas_de_actividad_agropecuaria_AL270.1122,1122,2,Establecimiento Agropecuario,,,,IGN,-1,"MULTIPOLYGON (((-59.20725987099996 -35.492470526999966, -59.210122103999936 -35.49481510399994, -59.21286324299996 -35.49290201699995, -59.20962229299994 -35.48994572299995, -59.20733708199998 -35.49230386599993, -59.20725987099996 -35.492470526999966)))",Esri-World_Imagery 2010
areas_de_actividad_agropecuaria_AL270.1123,1123,2,Establecimiento Agropecuario,,,,IGN,-1,"MULTIPOLYGON (((-59.215432129999954 -35.48395046599995, -59.217603129999986 -35.48569224999994, -59.21920212699996 -35.484507278999956, -59.21692745699994 -35.48243255299997, -59.215432129999954 -35.48395046599995)))",Esri-World_Imagery 2010
areas_de_actividad_agropecuaria_AL270.1124,1124,2,Establecimiento Agropecuario,,,,IGN,-1,"MULTIPOLYGON (((-59.225440599999956 -35.473637725999936, -59.22711460399995 -35.475148727999965, -59.230433182999946 -35.47290740599993, -59.22869617699996 -35.47133696199995, -59.225440599999956 -35.473637725999936)))",Esri-World_Imagery 2010
areas_de_actividad_agropecuaria_AL270.1125,1125,2,Establecimiento Agropecuario,,,,IGN,-1,"MULTIPOLYGON (((-59.21884520799995 -35.45725055299994, -59.22181953499995 -35.45939206799994, -59.22358033599994 -35.45815474799997, -59.22108190199998 -35.456108411999935, -59.21884520799995 -35.45725055299994)))",Esri-World_Imagery 2010
areas_de_actividad_agropecuaria_AL270.1126,1126,2,Establecimiento Agropecuario,,,,IGN,-1,"MULTIPOLYGON (((-59.21196856599994 -35.45441899399998, -59.21287276099997 -35.45520421599997, -59.21417509899999 -35.45435945699995, -59.21463356199996 -35.45406207499997, -59.21375316199993 -35.453205468999954, -59.21196856599994 -35.45441899399998)))",Esri-World_Imagery 2010
areas_de_actividad_agropecuaria_AL270.1127,1127,2,Establecimiento Agropecuario,,,,IGN,-1,"MULTIPOLYGON (((-59.22958419199995 -35.434907873999975, -59.22972695899995 -35.437234986999954, -59.23158293899996 -35.43712077299995, -59.23136878699995 -35.43483648999995, -59.22958419199995 -35.434907873999975)))",Esri-World_Imagery 2010
areas_de_actividad_agropecuaria_AL270.1128,1128,2,Establecimiento Agropecuario,,,,IGN,-1,"MULTIPOLYGON (((-59.186348528999986 -35.36478801399994, -59.18724320599995 -35.36570172699993, -59.188061740999956 -35.36497837099995, -59.18722416999998 -35.36417887199997, -59.186348528999986 -35.36478801399994)))",Esri-World_Imagery 2010
areas_de_actividad_agropecuaria_AL270.1129,1129,2,Establecimiento Agropecuario,,,,IGN,-1,"MULTIPOLYGON (((-58.99416867699995 -35.25464336599998, -58.99618939199996 -35.25659893399995, -58.99999999999994 -35.25377116399994, -58.99999999999994 -35.25320623199997, -58.99817431499997 -35.25139493299997, -58.99392322899996 -35.254369261999955, -58.99415121299995 -35.254581350999956, -58.99416867699995 -35.25464336599998)))",Esri-World_Imagery 2010
areas_de_actividad_agropecuaria_AL270.1130,1130,2,Establecimiento Agropecuario,,,,IGN,-1,"MULTIPOLYGON (((-58.23685767599994 -35.33130157099998, -58.238160995999976 -35.331621739999946, -58.23957026199997 -35.33025936699994, -58.23738591699998 -35.32964546599993, -58.236743461999936 -35.32837483399993, -58.23597251699994 -35.328746029999934, -58.23655786399996 -35.329431313999976, -58.236757738999984 -35.329888170999936, -58.23592968599996 -35.33044496499997, -58.23578691899996 -35.330687669999975, -58.23685767599994 -35.33130157099998)))",Imagery Esri 2000-2001-2006-2008
areas_de_actividad_agropecuaria_AL270.1131,1131,2,Establecimiento Agropecuario,,,,IGN,-1,"MULTIPOLYGON (((-58.23430213499995 -35.31619675199994, -58.237257425999985 -35.31669643899994, -58.237985540999944 -35.31515454799995, -58.23905629799998 -35.31498322699997, -58.239108020999936 -35.314508656999976, -58.234873205999975 -35.31399812999996, -58.23430213499995 -35.31619675199994)))",Imagery Esri 2000-2001-2006-2008
areas_de_actividad_agropecuaria_AL270.1132,1132,2,Establecimiento Agropecuario,,,,IGN,-1,"MULTIPOLYGON (((-58.22717169099997 -35.192898802999935, -58.22925811999994 -35.193691333999936, -58.22977722799993 -35.192778300999976, -58.227785591999975 -35.19199936699994, -58.22717169099997 -35.192898802999935)))",Imagery Esri 2000-2001-2006-2008
areas_de_actividad_agropecuaria_AL270.1133,1133,2,Establecimiento Agropecuario,,,,IGN,-1,"MULTIPOLYGON (((-58.22074026499996 -35.192506967999975, -58.223502561999965 -35.19351270399994, -58.22405935599994 -35.19264182099994, -58.22120400199998 -35.191685277999966, -58.22074026499996 -35.192506967999975)))",Imagery Esri 2000-2001-2006-2008
areas_de_actividad_agropecuaria_AL270.1134,1134,2,Establecimiento Agropecuario,,,,IGN,-1,"MULTIPOLYGON (((-58.23827901499993 -35.19060262299996, -58.23830756799998 -35.19323906599993, -58.242071874999965 -35.19282028099997, -58.24161501899994 -35.190407506999975, -58.23827901499993 -35.19060262299996)))",Imagery Esri 2000-2001-2006-2008
areas_de_actividad_agropecuaria_AL270.1239,1239,2,Establecimiento Agropecuario,,,,IGN,-1,"MULTIPOLYGON (((-58.12389056899997 -35.00000000199998, -58.124919699999964 -35.00000000199998, -58.124455195999985 -34.99949896499993, -58.12532560599993 -34.998718880999945, -58.12447161899996 -34.99794700799998, -58.122936084999935 -34.99915408499993, -58.12389056899997 -35.00000000199998)))",IGN
areas_de_actividad_agropecuaria_AL270.1321,1321,2,Establecimiento Agropecuario,,,,IGN,-1,"MULTIPOLYGON (((-59.029464889999986 -34.43721294799997, -59.030685552999955 -34.43804100099993, -59.03249818199998 -34.43576394499996, -59.031140952999976 -34.434954826999956, -59.029464889999986 -34.43721294799997)))",Esri-World_Imagery 2010
areas_de_actividad_agropecuaria_AL270.1240,1240,2,Establecimiento Agropecuario,Control Unión,,Control Unión,IGN,-1,"MULTIPOLYGON (((-65.55096222399999 -27.248772290999966, -65.54947465699996 -27.248600910999983, -65.54883580299997 -27.248057554999946, -65.54767053699999 -27.24835645299993, -65.54747526999995 -27.24845641899998, -65.54772670599993 -27.24881591899998, -65.54797942199997 -27.249174145999973, -65.54875077199995 -27.250246276999974, -65.54944417099995 -27.251158635999957, -65.54983606699994 -27.25097855299998, -65.55000604699995 -27.250578209999958, -65.55100876799997 -27.25034279999994, -65.55150628799998 -27.250238958999944, -65.55096222399999 -27.248772290999966)))",Interpretación y Nomenclatura
areas_de_actividad_agropecuaria_AL270.1280,1280,2,Establecimiento Agropecuario,,,,IGN,-1,"MULTIPOLYGON (((-59.07880192499994 -34.48945390399996, -59.08090807299993 -34.49054175499998, -59.08210284499995 -34.488816853999936, -59.080032899999935 -34.487700512999936, -59.07880192499994 -34.48945390399996)))",Esri-World_Imagery 2010
areas_de_actividad_agropecuaria_AL270.1241,1241,2,Establecimiento Agropecuario,Ingenio La Fronterita,Ingenio,La Fronterita,IGN,-1,"MULTIPOLYGON (((-65.45393063299997 -27.03134040799995, -65.45134372199993 -27.033805230999974, -65.45349439599994 -27.035778221999976, -65.45350880099994 -27.03577757499994, -65.45392830899993 -27.035758745999942, -65.45457949499996 -27.03619286999998, -65.45483996999997 -27.036149457999954, -65.45611973399997 -27.034976339999957, -65.45694716299994 -27.034149987999967, -65.45393063299997 -27.03134040799995)))",Interpretación y Nomenclatura
areas_de_actividad_agropecuaria_AL270.1281,1281,2,Establecimiento Agropecuario,,,,IGN,-1,"MULTIPOLYGON (((-59.10464986399995 -35.20022252299998, -59.105100800999935 -35.20116267199995, -59.10587683999995 -35.20062056099994, -59.105488623999975 -35.19965740099997, -59.10464986399995 -35.20022252299998)))",Esri-World_Imagery 2010
areas_de_actividad_agropecuaria_AL270.1242,1242,2,Establecimiento Agropecuario,Ingenio Leales,Ingenio,Leales,IGN,-1,"MULTIPOLYGON (((-65.22966634699998 -27.075844037999957, -65.22967016999996 -27.075841926999942, -65.23003447099995 -27.07564896599996, -65.23007478999995 -27.07562760999997, -65.23007488699994 -27.07562755799995, -65.23104742299995 -27.075139924999974, -65.22864376299998 -27.07142651399994, -65.22742034799995 -27.072170892999964, -65.22966634699998 -27.075844037999957)))",Departamento Geocartografía
areas_de_actividad_agropecuaria_AL270.1243,1243,2,Establecimiento Agropecuario,,,,IGN,-1,"MULTIPOLYGON (((-65.15731352699999 -26.85179336799996, -65.15739048099994 -26.85340528599994, -65.15899043599995 -26.853243219999968, -65.15896749399997 -26.852447561999952, -65.16012973799997 -26.85234416199995, -65.15980922399996 -26.84925172499993, -65.15740821999998 -26.849712017999934, -65.15721987699993 -26.849781460999964, -65.15728136299998 -26.851102367999943, -65.15729003899997 -26.851288775999933, -65.15730403599997 -26.851589477999937, -65.15731352699999 -26.85179336799996)))",Gabinete TIG-SIG
areas_de_actividad_agropecuaria_AL270.1244,1244,2,Establecimiento Agropecuario,Ingenio Santa Rosa,Ingenio,Santa Rosa,IGN,-1,"MULTIPOLYGON (((-65.51811161399996 -27.22084951599993, -65.51762499999995 -27.21912999999995, -65.51444561699998 -27.219744266999953, -65.51470217899998 -27.220789534999938, -65.51521861699996 -27.22289352499996, -65.51731018299995 -27.222482069999955, -65.51834427999995 -27.22224691799994, -65.51842289599995 -27.221853162999935, -65.51834128099995 -27.221624774999952, -65.51829182299997 -27.221486294999977, -65.51811161399996 -27.22084951599993)))",Interpretación y Nomenclatura
areas_de_actividad_agropecuaria_AL270.1245,1245,2,Establecimiento Agropecuario,,,,IGN,-1,"MULTIPOLYGON (((-65.19890446499994 -26.86175241799998, -65.19835102899998 -26.861841095999978, -65.19740877799995 -26.86194577799995, -65.19711853799998 -26.861184031999983, -65.19667473999993 -26.861293802999967, -65.19600692399996 -26.86145898199993, -65.19551914099998 -26.861579628999948, -65.19531291799996 -26.86156330999995, -65.19427145899994 -26.86176985999998, -65.19400395599996 -26.861885059999963, -65.19740532899993 -26.865178129999947, -65.20223745299995 -26.869920906999937, -65.20289194099996 -26.86976478699995, -65.20431760999998 -26.869600679999962, -65.20490154899994 -26.869508520999943, -65.20447723499996 -26.86839305199993, -65.20411647699996 -26.867500553999946, -65.20377136599996 -26.866619426999932, -65.20339485199997 -26.865635047999945, -65.20302143599997 -26.864656364999973, -65.20265254299994 -26.863629299999957, -65.20225564699996 -26.862635875999956, -65.20213250199998 -26.86230941699995, -65.20177411999998 -26.861360325999954, -65.20164236099998 -26.86095753099994, -65.20091359599996 -26.86137815999996, -65.20039067899995 -26.86149456399994, -65.19975483399998 -26.86165623499994, -65.19890446499994 -26.86175241799998)))",Gabinete TIG-SIG
areas_de_actividad_agropecuaria_AL270.1246,1246,2,Establecimiento Agropecuario,,,,IGN,-1,"MULTIPOLYGON (((-65.20927759199998 -26.880846024999983, -65.20791938099995 -26.88110965599998, -65.20553763999993 -26.881611058999965, -65.20418197899994 -26.88197112599994, -65.20424889499998 -26.886077429999943, -65.20706965199997 -26.88535789799994, -65.20931572399996 -26.884720889999983, -65.21008155499999 -26.884663890999946, -65.21035559399996 -26.884567370999946, -65.21163473399997 -26.88422778699993, -65.20927759199998 -26.880846024999983)))",Gabinete TIG-SIG
areas_de_actividad_agropecuaria_AL270.1247,1247,2,Establecimiento Agropecuario,,,,IGN,-1,"MULTIPOLYGON (((-65.22493163199994 -26.85959457299998, -65.22675087299996 -26.862361711999938, -65.22546158999995 -26.862610295999957, -65.22470090999997 -26.86275695599994, -65.22355111599995 -26.86297862899994, -65.22281576199998 -26.863120393999964, -65.22208697999997 -26.863260888999946, -65.22112909699996 -26.863445542999955, -65.22030440699996 -26.863604515999953, -65.22100971699996 -26.865700567999966, -65.22117693399997 -26.866484411999977, -65.22134795499994 -26.867316475999928, -65.22153286799994 -26.868312599999967, -65.22159325099994 -26.86857947699997, -65.22164090599995 -26.868945748999977, -65.22171089499994 -26.869293888999948, -65.22171934399995 -26.869591517999936, -65.22172396699995 -26.869704320999972, -65.22209468199998 -26.869683831999964, -65.22216804099997 -26.86966975699994, -65.22331517799995 -26.86945306499996, -65.22473736999996 -26.86926080199993, -65.22614938299995 -26.869054803999973, -65.22742090199995 -26.86885752099994, -65.22882466599998 -26.86864283699998, -65.22934990299996 -26.868562505999932, -65.23001838099998 -26.868518261999952, -65.23006841099993 -26.86819980499996, -65.23066502499995 -26.86755347299993, -65.23130213999997 -26.86715023499994, -65.23141003699993 -26.867063666999968, -65.23392610999997 -26.865304899999956, -65.23589917299995 -26.863751690999948, -65.23547199699993 -26.862081528999965, -65.23422153999996 -26.86236355899996, -65.23233001699998 -26.86279015399998, -65.23309041999994 -26.863881911999954, -65.23289517199998 -26.863978673999952, -65.23015788799995 -26.864546033999943, -65.22991167999999 -26.864549735999958, -65.22928851399996 -26.863436269999966, -65.22886382299998 -26.86264044799998, -65.22857183599996 -26.862209038999936, -65.22828925299996 -26.862219336999942, -65.22738202099998 -26.86085103599993, -65.22673691099993 -26.86038637699994, -65.22602542899995 -26.85982110599997, -65.22531327099995 -26.859356073999948, -65.22493163199994 -26.85959457299998)))",Gabinete TIG-SIG
areas_de_actividad_agropecuaria_AL270.1248,1248,2,Establecimiento Agropecuario,,,,IGN,-1,"MULTIPOLYGON (((-65.26362540299993 -26.834247681999955, -65.26397592599994 -26.837303687999963, -65.26233162599993 -26.83690004899995, -65.26237420099994 -26.83724770699996, -65.26245862799993 -26.837937100999966, -65.26256225999998 -26.838552231999984, -65.26268592799994 -26.839235346999942, -65.26278819599997 -26.840166075999946, -65.26346614999994 -26.840046393999955, -65.26354973899998 -26.839950159999944, -65.26480733999995 -26.840578406999953, -65.26578119199996 -26.841063520999967, -65.26624963399996 -26.841295242999934, -65.26723878899998 -26.842862062999927, -65.26739282999995 -26.84351750999997, -65.26813920699993 -26.843380243999945, -65.26841471699998 -26.843890856999963, -65.26871471299995 -26.84453804599997, -65.26927880999995 -26.84532766799998, -65.26953834299997 -26.84595173699995, -65.26952580699998 -26.846714168999938, -65.27080326299995 -26.847210063999967, -65.27094430699998 -26.84730200299998, -65.27188769799994 -26.84760541999998, -65.27246753899993 -26.84820868099996, -65.27295126399997 -26.848865668999963, -65.27341697699995 -26.84889541399997, -65.27414862599994 -26.848382974999936, -65.27428383899996 -26.84836923299997, -65.27490272899996 -26.848306331999936, -65.27476523799999 -26.847573040999976, -65.27667022099996 -26.847230899999943, -65.27609498499999 -26.846804648999978, -65.27649763299996 -26.846347222999952, -65.27638573499996 -26.846265788999972, -65.27502937699995 -26.845282332999943, -65.27404783399999 -26.84457062699994, -65.27314448099997 -26.843913080999982, -65.27234067999996 -26.843327986999952, -65.27176162899997 -26.84290648399997, -65.27081283399997 -26.842215825999972, -65.27016063499997 -26.841741061999983, -65.26920120699998 -26.841092638999953, -65.26901795799995 -26.840967732999957, -65.26904424799994 -26.840864046999968, -65.26924262299997 -26.840607750999936, -65.26947279099994 -26.84031037699998, -65.26969837499996 -26.840018923999935, -65.26968245199998 -26.83996409699995, -65.26961221599998 -26.839722240999947, -65.26953730999998 -26.839464303999932, -65.26947174399999 -26.839421777999974, -65.26945864899994 -26.839413285999967, -65.26932615599998 -26.83932735199994, -65.26926089299997 -26.839285021999956, -65.26925041499999 -26.839278225999976, -65.26921517899996 -26.83918154899993, -65.26915784299996 -26.839024232999975, -65.26908864199999 -26.838834359999964, -65.26897341899996 -26.838761113999965, -65.26884102699995 -26.838676954999983, -65.26879225199997 -26.838645949999943, -65.26868975399998 -26.838580793999938, -65.26867876099993 -26.838573806999932, -65.26864252299998 -26.838354077999952, -65.26862429199997 -26.838243542999976, -65.26859953699994 -26.83809344699995, -65.26880896999995 -26.83789027199998, -65.26794614499994 -26.837740518999965, -65.26766055899998 -26.83768561599993, -65.26765353899998 -26.83778982599995, -65.26709509799997 -26.838840094999966, -65.26703842299997 -26.839350423999974, -65.26690041099994 -26.839524341999947, -65.26674011799997 -26.839415214999974, -65.26523143999998 -26.83826277399993, -65.26495792599997 -26.835851635999973, -65.26491462599995 -26.835482190999983, -65.26488058499996 -26.835191750999968, -65.26484423399995 -26.834881596999935, -65.26480932599998 -26.834583753999937, -65.26476804699996 -26.83423154999997, -65.26362540299993 -26.834247681999955)))",Gabinete TIG-SIG
areas_de_actividad_agropecuaria_AL270.1249,1249,2,Establecimiento Agropecuario,,,,IGN,-1,"MULTIPOLYGON (((-65.25510211799997 -26.829846912999983, -65.25364471299997 -26.83023100799994, -65.25391902999996 -26.831390213999953, -65.25463308699995 -26.833981863999952, -65.25392279199997 -26.83411951399995, -65.25354172399994 -26.834184381999933, -65.25211677199997 -26.83442038499993, -65.25259796699999 -26.83602174899994, -65.25351633499997 -26.838074236999944, -65.25509915699996 -26.838055449999956, -65.25598018799997 -26.83818002099997, -65.25721083899998 -26.836353386999974, -65.25853919599996 -26.834607235999954, -65.25870926999994 -26.83431014599995, -65.25885025699995 -26.834348542999976, -65.25903083699995 -26.83439772199995, -65.26020599999998 -26.83134089899994, -65.26006190099997 -26.831300314999964, -65.26062071499996 -26.83003367699996, -65.26063672299995 -26.82999739299993, -65.26094150799997 -26.82966885299993, -65.26091542199998 -26.829507587999956, -65.26039191999996 -26.829682659999946, -65.26034408999993 -26.829652607999947, -65.25959079399996 -26.830037473999937, -65.25941791499997 -26.82918436899996, -65.25924303899995 -26.82919814199994, -65.25788634999998 -26.829540290999944, -65.25718596499996 -26.829563888999928, -65.25647145699998 -26.82962926299996, -65.25577455599995 -26.829757563999976, -65.25510211799997 -26.829846912999983)))",Gabinete TIG-SIG
areas_de_actividad_agropecuaria_AL270.1250,1250,2,Establecimiento Agropecuario,,,,IGN,-1,"MULTIPOLYGON (((-65.16399000399997 -26.84962506499994, -65.16459165299995 -26.85142802599995, -65.17058681099996 -26.850618656999927, -65.17025801499994 -26.849932998999975, -65.16991829199998 -26.849234115999934, -65.17093692199995 -26.84905213199994, -65.17077603499996 -26.848316016999945, -65.17061610699994 -26.847584274999974, -65.17045698699997 -26.84685622199993, -65.17043718299993 -26.84685958999995, -65.16890373999996 -26.847143029999984, -65.16905953199995 -26.847464136999974, -65.16887912799996 -26.847526439999967, -65.16751739499995 -26.84773796999997, -65.16744620099996 -26.848701305999953, -65.16744236699998 -26.84884243999994, -65.16399000399997 -26.84962506499994)))",Gabinete TIG-SIG
areas_de_actividad_agropecuaria_AL270.1251,1251,2,Establecimiento Agropecuario,,,,IGN,-1,"MULTIPOLYGON (((-65.16614386099997 -26.86141605499995, -65.16615008999997 -26.862139773999957, -65.16615090399995 -26.862234410999974, -65.16609867599993 -26.862814527999944, -65.16602689799998 -26.86375663499996, -65.16628059499993 -26.86370805699994, -65.16799684499995 -26.863430093999966, -65.17002184699999 -26.86305159799997, -65.17001155999998 -26.863020925999933, -65.16986333299997 -26.86257896199993, -65.16979373099997 -26.862371432999964, -65.16963886899998 -26.861650346999966, -65.16901843299996 -26.861777436999944, -65.16874255999994 -26.85963501799995, -65.16860169999995 -26.858964167999943, -65.16837177599996 -26.85801498199993, -65.16638690299993 -26.858275934999938, -65.16635166599997 -26.85866333299998, -65.16620153199995 -26.86116531099998, -65.16614386099997 -26.86141605499995)))",Gabinete TIG-SIG
areas_de_actividad_agropecuaria_AL270.1252,1252,2,Establecimiento Agropecuario,,,,IGN,-1,"MULTIPOLYGON (((-65.15980922399996 -26.84925172499993, -65.16012973799997 -26.85234416199995, -65.16238535999997 -26.85221046299995, -65.16184556399998 -26.850256297999977, -65.16149333299995 -26.848928840999974, -65.16045373799994 -26.849128157999928, -65.15980922399996 -26.84925172499993)))",Gabinete TIG-SIG
areas_de_actividad_agropecuaria_AL270.1253,1253,2,Establecimiento Agropecuario,,,,IGN,-1,"MULTIPOLYGON (((-65.27231516799998 -26.740428428999962, -65.26930533199999 -26.740982261999932, -65.26696448599995 -26.741359101999933, -65.26708242099994 -26.74191091199998, -65.26726617099996 -26.742770658999973, -65.26730763699999 -26.742964669999935, -65.26854040999996 -26.74275422599993, -65.26980844299999 -26.74253774999994, -65.27068515199994 -26.74238807399996, -65.27120992899995 -26.742298477999952, -65.27180898299997 -26.74219619799993, -65.27233663799996 -26.74210676399997, -65.27289494199994 -26.742012194999973, -65.27345793199999 -26.74191682999998, -65.27402586699998 -26.741822514999967, -65.27457441699994 -26.741727698999966, -65.27495099799995 -26.74166390499994, -65.27458885499993 -26.740668871999958, -65.27244091099993 -26.74069055399997, -65.27231516799998 -26.740428428999962)))",Gabinete TIG-SIG
areas_de_actividad_agropecuaria_AL270.1254,1254,2,Establecimiento Agropecuario,,,,IGN,-1,"MULTIPOLYGON (((-65.34406049099994 -26.938889452999945, -65.34426377799997 -26.93975884699995, -65.34583886199994 -26.939443367999957, -65.34513334299999 -26.93663517899995, -65.34639877599994 -26.936326683999937, -65.34653280099997 -26.936253714999964, -65.34622059799995 -26.935193890999983, -65.34484736499996 -26.935508693999964, -65.34332808499994 -26.93585296499998, -65.34400700299994 -26.938666135999938, -65.34406049099994 -26.938889452999945)))",Gabinete TIG-SIG
areas_de_actividad_agropecuaria_AL270.1255,1255,2,Establecimiento Agropecuario,,,,IGN,-1,"MULTIPOLYGON (((-65.33583510999995 -26.941672695999955, -65.33625077099998 -26.943171717999974, -65.33965772199997 -26.941797204999943, -65.33944216499998 -26.94111438799996, -65.33928761299995 -26.940245593999975, -65.33911264899996 -26.939662901999952, -65.33900565199997 -26.939191584999946, -65.33540641699994 -26.940063171999952, -65.33583510999995 -26.941672695999955)))",Gabinete TIG-SIG
areas_de_actividad_agropecuaria_AL270.1283,1283,2,Establecimiento Agropecuario,,,,IGN,-1,"MULTIPOLYGON (((-59.098020417999976 -35.203299165999965, -59.098188137999955 -35.20388832499998, -59.09933966299997 -35.20364031999998, -59.098833371999945 -35.202546266999946, -59.098807705999945 -35.20249080599996, -59.09783971899998 -35.20266441699994, -59.098020417999976 -35.203299165999965)))",Esri-World_Imagery 2010
areas_de_actividad_agropecuaria_AL270.1256,1256,2,Establecimiento Agropecuario,,,,IGN,-1,"MULTIPOLYGON (((-65.32858051299996 -26.92376371299997, -65.32889750199996 -26.92490931599997, -65.32697958599994 -26.925293240999963, -65.32743864399998 -26.926377876999936, -65.32795840299997 -26.927621329999965, -65.32808611599995 -26.927891751999937, -65.32951947999999 -26.927244692999977, -65.33309359199995 -26.92647513299994, -65.33347052699997 -26.926319083999942, -65.33354730199994 -26.92609843499997, -65.33367903899995 -26.92592285099994, -65.33336179499997 -26.924778963999984, -65.33196302599998 -26.92516315599994, -65.33057778899996 -26.925637669999958, -65.32988176799995 -26.92587608599996, -65.32944496699997 -26.924799690999976, -65.33018324499994 -26.924651910999955, -65.33102772699993 -26.924674055999958, -65.33068736699994 -26.92333550799998, -65.32858051299996 -26.92376371299997)))",Gabinete TIG-SIG
areas_de_actividad_agropecuaria_AL270.1257,1257,2,Establecimiento Agropecuario,,,,IGN,-1,"MULTIPOLYGON (((-65.30473244999996 -26.931564941999966, -65.30311986799995 -26.932071985999983, -65.30252617599996 -26.93032156299995, -65.30075701499999 -26.930828190999932, -65.30138250099998 -26.932618238999964, -65.30294790799996 -26.93212605399998, -65.30319694199994 -26.93255819799998, -65.30340799099997 -26.933859965999943, -65.30524383499994 -26.933648138999956, -65.30473244999996 -26.931564941999966)))",Gabinete TIG-SIG
areas_de_actividad_agropecuaria_AL270.1258,1258,2,Establecimiento Agropecuario,,,,IGN,-1,"MULTIPOLYGON (((-65.36493248099998 -26.938886021999963, -65.36868152999995 -26.943498938999937, -65.36942637699997 -26.944447670999978, -65.36991595399996 -26.94493306299995, -65.37014100099998 -26.94523888899994, -65.37428481899997 -26.943229148999933, -65.37378297799995 -26.94236794699998, -65.37268935999998 -26.94205631099993, -65.37003560899996 -26.937856189999934, -65.36493248099998 -26.938886021999963)))",Gabinete TIG-SIG
areas_de_actividad_agropecuaria_AL270.1259,1259,2,Establecimiento Agropecuario,,,,IGN,-1,"MULTIPOLYGON (((-65.08806508999999 -26.817095436999978, -65.08770792399997 -26.81549191399995, -65.08728810399998 -26.81266302599994, -65.08622660899994 -26.812793632999956, -65.08353821799994 -26.81324916699998, -65.08185869099998 -26.813533726999935, -65.08216013099997 -26.815012959999933, -65.08234192099997 -26.815905027999975, -65.08277026199994 -26.81800689399995, -65.08366068099997 -26.81785877799996, -65.08458914099998 -26.817697875999954, -65.08806508999999 -26.817095436999978)))",Gabinete TIG-SIG
areas_de_actividad_agropecuaria_AL270.1260,1260,2,Establecimiento Agropecuario,,,,IGN,-1,"MULTIPOLYGON (((-65.25958452999998 -26.79309760999996, -65.25937124299998 -26.792528879999963, -65.25875831499997 -26.79196898799995, -65.25772712699995 -26.790873122999983, -65.25838063199996 -26.790630335999936, -65.25741635299994 -26.789898639999933, -65.25634003199997 -26.78842956999995, -65.25558313199997 -26.787608745999933, -65.25396054399994 -26.788906268999938, -65.25439677099996 -26.789358214999936, -65.25503246999995 -26.790016811999976, -65.25529509299997 -26.79029217699997, -65.25555112499995 -26.790555822999977, -65.25648098499994 -26.79151926299994, -65.25677593299997 -26.791876383999977, -65.25685615099997 -26.79203985399994, -65.25695422499996 -26.79223971199997, -65.25703740099993 -26.792475028999945, -65.25750181799998 -26.793725378999966, -65.25958452999998 -26.79309760999996)))",Gabinete TIG-SIG
areas_de_actividad_agropecuaria_AL270.1261,1261,2,Establecimiento Agropecuario,,,,IGN,-1,"MULTIPOLYGON (((-65.14581143399994 -26.843632386999957, -65.14574804499995 -26.843447714999968, -65.14534395899994 -26.843521479999936, -65.14472629999995 -26.840926723999928, -65.14211054699996 -26.841387173999976, -65.14277062299993 -26.843982197999935, -65.14232391399997 -26.844074748999958, -65.14288011399998 -26.84636431499996, -65.14619826499995 -26.84571757799995, -65.14581143399994 -26.843632386999957)))",Gabinete TIG-SIG
areas_de_actividad_agropecuaria_AL270.1262,1262,2,Establecimiento Agropecuario,,,,IGN,-1,"MULTIPOLYGON (((-65.14195566999996 -26.847844734999967, -65.14166738499995 -26.846642734999932, -65.14060418199995 -26.846807741999953, -65.14011648699994 -26.84466127299993, -65.13996069199999 -26.84468781499993, -65.13869224599995 -26.84494329299997, -65.13971555799998 -26.849164738999946, -65.14114055899995 -26.848906677999935, -65.14099821699995 -26.848067542999956, -65.14195566999996 -26.847844734999967)))",Gabinete TIG-SIG
areas_de_actividad_agropecuaria_AL270.1263,1263,2,Establecimiento Agropecuario,,,,IGN,-1,"MULTIPOLYGON (((-65.13421443099998 -26.850151508999943, -65.13434471399995 -26.85072052399994, -65.13787643399996 -26.85005057099994, -65.13674486899998 -26.845335490999958, -65.13486571999994 -26.845734925999977, -65.13325875499999 -26.846049470999958, -65.13328202099996 -26.846199646999935, -65.13343827999995 -26.846861944999944, -65.13359212399996 -26.847513996999965, -65.13375032599998 -26.848184510999943, -65.13390610999994 -26.84884476899998, -65.13406096399996 -26.849501077999946, -65.13421443099998 -26.850151508999943)))",Gabinete TIG-SIG
areas_de_actividad_agropecuaria_AL270.1264,1264,2,Establecimiento Agropecuario,,,,IGN,-1,"MULTIPOLYGON (((-65.14038253599995 -26.849627624999982, -65.13827673799994 -26.850032753999983, -65.13894743199995 -26.85297316699996, -65.14105279599994 -26.852632325999934, -65.14038253599995 -26.849627624999982)))",Gabinete TIG-SIG
areas_de_actividad_agropecuaria_AL270.1265,1265,2,Establecimiento Agropecuario,,,,IGN,-1,"MULTIPOLYGON (((-65.12794759699995 -26.847053616999972, -65.12834752199996 -26.849265377999927, -65.12892763699995 -26.84914971099994, -65.13044471999996 -26.84884610499995, -65.13009482699994 -26.846767829999976, -65.12951644699996 -26.846767829999976, -65.12906866899993 -26.846861116999946, -65.12846256999995 -26.846964039999932, -65.12794759699995 -26.847053616999972)))",Gabinete TIG-SIG
areas_de_actividad_agropecuaria_AL270.1266,1266,2,Establecimiento Agropecuario,,,,IGN,-1,"MULTIPOLYGON (((-65.21533065799997 -26.770021432999954, -65.21356882699996 -26.768085441999972, -65.21239437599996 -26.768956308999975, -65.21279576599994 -26.769402275999937, -65.21209559399995 -26.76992280299993, -65.21318847099997 -26.771108812999955, -65.21417672699994 -26.771174805999976, -65.21533065799997 -26.770021432999954)))",Gabinete TIG-SIG
areas_de_actividad_agropecuaria_AL270.1267,1267,2,Establecimiento Agropecuario,,,,IGN,-1,"MULTIPOLYGON (((-58.11597428999994 -35.00000000199998, -58.120936247999964 -35.00000000199998, -58.11859224999995 -34.99801269899996, -58.11597428999994 -35.00000000199998)))",IGN
areas_de_actividad_agropecuaria_AL270.1268,1268,2,Establecimiento Agropecuario,,,,IGN,-1,"MULTIPOLYGON (((-58.124919699999964 -35.00000000199998, -58.12389056899997 -35.00000000199998, -58.12466869299993 -35.00068961899996, -58.12518601199997 -35.000287259999936, -58.124919699999964 -35.00000000199998)))",IGN
areas_de_actividad_agropecuaria_AL270.1269,1269,2,Establecimiento Agropecuario,,,,IGN,-1,"MULTIPOLYGON (((-58.10558342699994 -35.00000000199998, -58.10987835099996 -35.00000000199998, -58.10920997599993 -34.999412104999976, -58.10933646899997 -34.99926031299998, -58.10805467299997 -34.99810501099995, -58.10558342699994 -35.00000000199998)))",IGN
areas_de_actividad_agropecuaria_AL270.1270,1270,2,Establecimiento Agropecuario,,,,IGN,-1,"MULTIPOLYGON (((-59.01337585999994 -34.37286545799998, -59.01158650499997 -34.37385531399997, -59.01078700599999 -34.373141474999954, -59.00976167899995 -34.37378521599993, -59.01101050999995 -34.37677936299997, -59.01484160799998 -34.37436927699997, -59.01337585999994 -34.37286545799998)))",Esri-World_Imagery 2010
areas_de_actividad_agropecuaria_AL270.1271,1271,2,Establecimiento Agropecuario,,,,IGN,-1,"MULTIPOLYGON (((-59.00700274899998 -34.367169013999955, -59.00761175499997 -34.36862947199995, -59.010587130999966 -34.36649801999994, -59.009521132999964 -34.365355878999935, -59.00700274899998 -34.367169013999955)))",Esri-World_Imagery 2010
areas_de_actividad_agropecuaria_AL270.1272,1272,2,Establecimiento Agropecuario,,,,IGN,-1,"MULTIPOLYGON (((-59.01133031599994 -34.383475473999965, -59.01462111099994 -34.38654497899995, -59.01543488699997 -34.38597390899997, -59.01318225499995 -34.382035619999954, -59.01204606199997 -34.382958850999955, -59.01133031599994 -34.383475473999965)))",Esri-World_Imagery 2010
areas_de_actividad_agropecuaria_AL270.1273,1273,2,Establecimiento Agropecuario,,,,IGN,-1,"MULTIPOLYGON (((-59.01643760099995 -34.38662375599995, -59.01780722899997 -34.38891148699997, -59.018015151999975 -34.388759730999936, -59.018506969999976 -34.38840076699995, -59.01880491999998 -34.38818330299995, -59.01890801999997 -34.38810805399993, -59.01895084499995 -34.38807679699994, -59.017839278999986 -34.387057443999936, -59.017236210999954 -34.38650440499998, -59.01689904899996 -34.38623199799997, -59.01683551699995 -34.38618066699996, -59.01682712499996 -34.386173886999984, -59.01677099799997 -34.38621102899998, -59.01663439899994 -34.38630142399995, -59.01640435199994 -34.38645365899998, -59.01635522799995 -34.38648616699993, -59.01643760099995 -34.38662375599995)))",Esri-World_Imagery 2010
areas_de_actividad_agropecuaria_AL270.1274,1274,2,Establecimiento Agropecuario,,,,IGN,-1,"MULTIPOLYGON (((-59.01540977899998 -34.39066131299995, -59.017576400999985 -34.39180596699998, -59.01864951899995 -34.390454674999944, -59.01786915799994 -34.38920909999996, -59.017726954999944 -34.388970076999954, -59.01540977899998 -34.39066131299995)))",Esri-World_Imagery 2010
areas_de_actividad_agropecuaria_AL270.1275,1275,2,Establecimiento Agropecuario,,,,IGN,-1,"MULTIPOLYGON (((-59.020572225999956 -34.392921058999946, -59.021080894999955 -34.39348087899998, -59.02312598899994 -34.39119448699995, -59.02302057999998 -34.391121031999944, -59.02037339299994 -34.389276310999946, -59.01901389599993 -34.38832892999994, -59.01880491999998 -34.38818330299995, -59.018506969999976 -34.38840076699995, -59.018015151999975 -34.388759730999936, -59.01780722899997 -34.38891148699997, -59.017726954999944 -34.388970076999954, -59.01786915799994 -34.38920909999996, -59.01864951899995 -34.390454674999944, -59.018859013999986 -34.39078906199995, -59.019525262999935 -34.39174084699994, -59.020572225999956 -34.392921058999946)))",Esri-World_Imagery 2010
areas_de_actividad_agropecuaria_AL270.1276,1276,2,Establecimiento Agropecuario,,,,IGN,-1,"MULTIPOLYGON (((-59.017576400999985 -34.39180596699998, -59.021080894999955 -34.39348087899998, -59.020572225999956 -34.392921058999946, -59.019525262999935 -34.39174084699994, -59.018859013999986 -34.39078906199995, -59.01865610999994 -34.39046519499993, -59.01864951899995 -34.390454674999944, -59.017576400999985 -34.39180596699998)))",Esri-World_Imagery 2010
areas_de_actividad_agropecuaria_AL270.1277,1277,2,Establecimiento Agropecuario,,,,IGN,-1,"MULTIPOLYGON (((-59.00450429099993 -34.42593512199994, -59.00591759399998 -34.42654332899997, -59.00662743399994 -34.42561394799998, -59.007654696999964 -34.424326605999966, -59.00552918999995 -34.42327880099998, -59.00655711799993 -34.421927266999944, -59.00231097499994 -34.41946920799995, -59.00127095399995 -34.42095227899995, -59.00092647399998 -34.42143201499994, -59.00024505499994 -34.42238098499996, -58.99999999999994 -34.422722257999965, -58.99999999999994 -34.42368891099994, -59.00450429099993 -34.42593512199994)))",Esri-World_Imagery 2010
areas_de_actividad_agropecuaria_AL270.1278,1278,2,Establecimiento Agropecuario,,,,IGN,-1,"MULTIPOLYGON (((-59.00651703899996 -34.41427993499997, -59.00791123199997 -34.41522730599996, -59.00807189599993 -34.41502126399996, -59.00856757899999 -34.414385580999976, -59.009128842999985 -34.41366579499993, -59.00993865299995 -34.41261244799995, -59.008308400999965 -34.41178124499993, -59.00657107899997 -34.41420248399993, -59.00651703899996 -34.41427993499997)))",Esri-World_Imagery 2010
areas_de_actividad_agropecuaria_AL270.1279,1279,2,Establecimiento Agropecuario,,,,IGN,-1,"MULTIPOLYGON (((-59.00832052499993 -34.370329176999974, -59.009086406999984 -34.37216584299995, -59.01108761099994 -34.37070222999995, -59.00981221999996 -34.36936973199994, -59.00832052499993 -34.370329176999974)))",Esri-World_Imagery 2010
areas_de_actividad_agropecuaria_AL270.1284,1284,2,Establecimiento Agropecuario,,,,IGN,-1,"MULTIPOLYGON (((-59.09673101799996 -35.20353711299998, -59.09730208899998 -35.20555489499998, -59.09838678099993 -35.20458610899993, -59.098188137999955 -35.20388832499998, -59.098020417999976 -35.203299165999965, -59.09673101799996 -35.20353711299998)))",Esri-World_Imagery 2010
areas_de_actividad_agropecuaria_AL270.1285,1285,2,Establecimiento Agropecuario,,,,IGN,-1,"MULTIPOLYGON (((-59.097008864999964 -35.19974583299995, -59.097502738999935 -35.20148068999998, -59.09823974699998 -35.201299405999976, -59.09811029699995 -35.201032519999956, -59.09784810499997 -35.200491959999965, -59.09761685099994 -35.20001518399994, -59.09736633199998 -35.199498690999974, -59.097008864999964 -35.19974583299995)))",Esri-World_Imagery 2010
areas_de_actividad_agropecuaria_AL270.1286,1286,2,Establecimiento Agropecuario,,,,IGN,-1,"MULTIPOLYGON (((-59.11800307599998 -35.170281759999966, -59.12046769199998 -35.170333883999945, -59.120507636999946 -35.16864022799996, -59.11803825499999 -35.16862723599996, -59.11800307599998 -35.170281759999966)))",Esri-World_Imagery 2010
areas_de_actividad_agropecuaria_AL270.1287,1287,2,Establecimiento Agropecuario,,,,IGN,-1,"MULTIPOLYGON (((-59.120507636999946 -35.16864022799996, -59.122717930999954 -35.16871222399993, -59.12273496299997 -35.16718757999996, -59.120543365999936 -35.16712530799998, -59.120507636999946 -35.16864022799996)))",Esri-World_Imagery 2010
areas_de_actividad_agropecuaria_AL270.1288,1288,2,Establecimiento Agropecuario,,,,IGN,-1,"MULTIPOLYGON (((-59.113306584999975 -35.17206645999994, -59.11555548499996 -35.17209909999997, -59.115616872999965 -35.170230619999984, -59.115230673999974 -35.17022234299998, -59.11335299799998 -35.170182101999956, -59.113359516999935 -35.16991740399993, -59.11337880899998 -35.16913416799997, -59.11340139699996 -35.16796296299998, -59.11342008499997 -35.16699399699996, -59.11339939099997 -35.166993737999974, -59.111084038999934 -35.166964769999936, -59.109561964999955 -35.166945726999984, -59.10881140499998 -35.16693633699998, -59.10868577799994 -35.17199189599995, -59.11089109399995 -35.17202857299998, -59.11222714999997 -35.17205079299998, -59.113306584999975 -35.17206645999994)))",Esri-World_Imagery 2010
areas_de_actividad_agropecuaria_AL270.1289,1289,2,Establecimiento Agropecuario,,,,IGN,-1,"MULTIPOLYGON (((-59.02668469699995 -35.17878030299994, -59.029958687999965 -35.18169955999997, -59.03929103899998 -35.17451048099997, -59.03843443299996 -35.173939410999935, -59.03577646499997 -35.171868562999975, -59.02668469699995 -35.17878030299994)))",Esri-World_Imagery 2010
areas_de_actividad_agropecuaria_AL270.1290,1290,2,Establecimiento Agropecuario,,,,IGN,-1,"MULTIPOLYGON (((-58.11566077699996 -35.00023799099995, -58.120209897999985 -35.00418767899998, -58.12312494799994 -35.001855638999984, -58.120936245999985 -34.99999999999994, -58.12083333299995 -34.99999999999994, -58.11666666699995 -34.99999999999994, -58.115974292999965 -34.99999999999994, -58.11566077699996 -35.00023799099995)))",IGN
areas_de_actividad_agropecuaria_AL270.1291,1291,2,Establecimiento Agropecuario,,,,IGN,-1,"MULTIPOLYGON (((-58.10813900199997 -35.00470794399996, -58.11286936999994 -35.00893386699994, -58.11335477999995 -35.00877206399997, -58.113925850999976 -35.008591224999975, -58.11418283299997 -35.00850556399996, -58.11525834899999 -35.00766799399997, -58.11534066899998 -35.00760884999994, -58.116740523999965 -35.00656317499994, -58.11685858499993 -35.00613309899995, -58.11334207999994 -35.00304666999995, -58.10987834799994 -34.99999999999994, -58.10833333299996 -34.99999999999994, -58.10558342999997 -34.99999999999994, -58.10429361499996 -35.000989050999976, -58.10813900199997 -35.00470794399996)))",IGN
areas_de_actividad_agropecuaria_AL270.1292,1292,2,Establecimiento Agropecuario,,,,IGN,-1,"MULTIPOLYGON (((-58.04468442499996 -35.00318870199993, -58.04764890299998 -35.005872143999966, -58.05081282599997 -35.003496935999976, -58.047866478999936 -35.000786296999934, -58.04468442499996 -35.00318870199993)))",IGN
areas_de_actividad_agropecuaria_AL270.1293,1293,2,Establecimiento Agropecuario,,,,IGN,-1,"MULTIPOLYGON (((-58.79640511799994 -35.272222246999945, -58.797045294999975 -35.27343637699994, -58.79865677699996 -35.27294336699998, -58.79733227199995 -35.27183961199995, -58.79640511799994 -35.272222246999945)))",Esri-World_Imagery 2010
areas_de_actividad_agropecuaria_AL270.1294,1294,2,Establecimiento Agropecuario,,,,IGN,-1,"MULTIPOLYGON (((-57.331126117999986 -35.53462500899997, -57.33063549899998 -35.53447130799998, -57.32993936299994 -35.53425322199996, -57.32920604099996 -35.535875791999956, -57.32994964899996 -35.536101987999984, -57.330945278999934 -35.53640484599998, -57.33523868499998 -35.53767027099997, -57.33546625499997 -35.537737343999936, -57.33556881399994 -35.53772475599993, -57.33567195099994 -35.53771846199993, -57.33577527999995 -35.53771848499997, -57.33587841399998 -35.53772482499994, -57.335980967999944 -35.53773745899997, -57.336119811999936 -35.53743978899996, -57.336322860999985 -35.53700446999994, -57.33634023399998 -35.53695128499993, -57.33635089699993 -35.53689635899997, -57.33635468799997 -35.53684053699993, -57.336351546999936 -35.53678467399993, -57.33634152399998 -35.53672962799993, -57.336324771999955 -35.53667624399998, -57.33630154699995 -35.53662534099993, -57.33627220699998 -35.53657769999995, -57.33623720199995 -35.53653405199998, -57.33619706799993 -35.536495066999976, -57.33615242299999 -35.536461343999974, -57.33610394999994 -35.536433398999975, -57.33610006699996 -35.53635151499998, -57.336101575999976 -35.536269551999965, -57.33610847099993 -35.53618786699997, -57.336120722999965 -35.53610681099997, -57.336138276999975 -35.53602673599994, -57.33616105799996 -35.535947988999965, -57.336412586999984 -35.535398777999944, -57.33696681599997 -35.534188626999935, -57.33576606699995 -35.533837406999965, -57.33231626899993 -35.53277526599993, -57.33210814499995 -35.53322153299996, -57.33187609099997 -35.533719109999936, -57.331573456999934 -35.53436802699997, -57.331552424999984 -35.53441165099997, -57.33152653399998 -35.53445257899995, -57.331496125999934 -35.53449027099998, -57.331461598999965 -35.53452423199997, -57.33142340999996 -35.53455401399998, -57.33138205999995 -35.53457922499996, -57.33133809399993 -35.53459953299995, -57.33128676299998 -35.53461605399997, -57.331233743999974 -35.534625895999966, -57.331179901999974 -35.53462889699995, -57.331126117999986 -35.53462500899997)))",Esri-World_Imagery 2010
areas_de_actividad_agropecuaria_AL270.1295,1295,2,Establecimiento Agropecuario,,,,IGN,-1,"MULTIPOLYGON (((-57.30205330199993 -35.528464603999964, -57.30159644499997 -35.529168924999965, -57.30195812299996 -35.52928313899997, -57.30298604999996 -35.529625780999936, -57.30367133499993 -35.53002552999993, -57.304013976999954 -35.53048238699995, -57.311824943999966 -35.53381108199994, -57.311864380999964 -35.53382788899995, -57.31805117799996 -35.53573697499996, -57.319506744999956 -35.53618612499997, -57.31998250699996 -35.535507490999976, -57.32057502599997 -35.53585045099993, -57.32512091199993 -35.53745563699994, -57.33405229299996 -35.54060937299994, -57.33801171599998 -35.541979942999944, -57.339782034999985 -35.54285558399994, -57.34128585499997 -35.54386447599995, -57.34294195899997 -35.544835295999974, -57.343584970999984 -35.54532373799998, -57.34492167099995 -35.54633911499997, -57.34621609799996 -35.54734800699998, -57.34707270399997 -35.54776679199995, -57.35002323499998 -35.548223647999976, -57.35209812499994 -35.548680504999936, -57.353582908999954 -35.54890893299995, -57.35304990999998 -35.55033660999993, -57.353659051999955 -35.55043178799997, -57.35631159999997 -35.546531451999954, -57.358097114999964 -35.54390601099993, -57.357905047999964 -35.543774035999945, -57.357441052999945 -35.54366696099993, -57.35688671599996 -35.54356979299996, -57.35626659299999 -35.54346109299996, -57.35330079099998 -35.542941224999936, -57.35124255699998 -35.542572407999955, -57.350742869999976 -35.54246533299994, -57.34964405599993 -35.54213091599996, -57.34511330899994 -35.54075201099994, -57.34313231599998 -35.54014910799998, -57.340606424999976 -35.53938036899996, -57.34021821099998 -35.53926221699993, -57.33905448199994 -35.53890803899998, -57.33625623599994 -35.53780396899998, -57.33616525499997 -35.53777653499998, -57.33610877999996 -35.53776226599996, -57.336051846999965 -35.537749951999956, -57.33604502199995 -35.53774861499994, -57.33603607099997 -35.53774690199998, -57.33603469399998 -35.537746642999934, -57.33603457999993 -35.53774662199993, -57.33602836899996 -35.53774547099994, -57.336028081999984 -35.537745420999954, -57.336027968999986 -35.53774540099994, -57.335981076999985 -35.53773747699995, -57.33598097999993 -35.53773746099995, -57.335878423999986 -35.53772482599993, -57.33577528699993 -35.53771848599996, -57.33567195599994 -35.53771846199993, -57.33556881699997 -35.53772475599993, -57.33546625499997 -35.537737343999936, -57.33523868499998 -35.53767027099997, -57.330945278999934 -35.53640484599998, -57.32994964899996 -35.536101987999984, -57.32920604099996 -35.535875791999956, -57.32321678999995 -35.53405393799994, -57.32204609499996 -35.53401586699994, -57.32146550599998 -35.53392068799997, -57.321115314999986 -35.533836803999975, -57.32197214399997 -35.53244199599993, -57.320652732999974 -35.53208255499993, -57.32050614099995 -35.53204261999997, -57.320106833999944 -35.53193383799993, -57.32004485999994 -35.53191228899993, -57.319981122999934 -35.531896709999955, -57.31991619599995 -35.53188724199998, -57.319850663999944 -35.53188396999997, -57.31985034999997 -35.53188396899998, -57.31984643499993 -35.53188396699994, -57.31984633899998 -35.53188396699994, -57.31984570999998 -35.53188396999997, -57.319789465999975 -35.53188652499995, -57.31973361599995 -35.53189364499997, -57.319678530999965 -35.53190528499994, -57.319619698999986 -35.53193954099993, -57.319557858999985 -35.531968011999936, -57.31949357999997 -35.53199043699993, -57.31942744999998 -35.53200660999994, -57.31936007699994 -35.532016382999984, -57.31929207699994 -35.53201966599994, -57.31928985999997 -35.53201966399996, -57.31928867999994 -35.532019659999946, -57.31921777499997 -35.532015798999964, -57.31914760999996 -35.532004882999956, -57.319078882999975 -35.53198702099996, -57.31901228199996 -35.53196239199997, -57.31643163699994 -35.53116599899994, -57.31016068699995 -35.52923077099996, -57.30867772099998 -35.52877819899993, -57.30380231999993 -35.52729032299993, -57.302903098999934 -35.527015898999935, -57.30205330199993 -35.528464603999964), (-57.303511457999946 -35.529135061999966, -57.31377894999997 -35.53258174699994, -57.313162173999956 -35.53350690899998, -57.30429149699995 -35.53022348899998, -57.30414637299998 -35.530023943999936, -57.30389240699998 -35.529878819999965, -57.303638440999976 -35.52980625899994, -57.303239350999945 -35.529606713999954, -57.303511457999946 -35.529135061999966)))",Esri-World_Imagery 2010
areas_de_actividad_agropecuaria_AL270.1296,1296,2,Establecimiento Agropecuario,,,,IGN,-1,"MULTIPOLYGON (((-57.319718344999956 -35.531804601999966, -57.319678530999965 -35.53190528499994, -57.31973361599995 -35.53189364499997, -57.319789465999975 -35.53188652499995, -57.31984570999998 -35.53188396999997, -57.31985034999997 -35.53188396799993, -57.319850663999944 -35.53188396799993, -57.31991619599995 -35.531887240999936, -57.319981122999934 -35.531896709999955, -57.32004485999994 -35.53191228899993, -57.320106833999944 -35.53193383799993, -57.32050614099995 -35.53204261899998, -57.320652732999974 -35.53208255499993, -57.32067012999994 -35.531994958999974, -57.32062254099998 -35.53186170899994, -57.32027989799997 -35.531666592999954, -57.32040362999999 -35.53115262999995, -57.31947563999995 -35.53095275499993, -57.31920914099999 -35.53164279899994, -57.319718344999956 -35.531804601999966)))",Esri-World_Imagery 2010
areas_de_actividad_agropecuaria_AL270.1297,1297,2,Establecimiento Agropecuario,,,,IGN,-1,"MULTIPOLYGON (((-57.252051232999975 -35.57150114999996, -57.25252712599996 -35.57165343599996, -57.25302205299994 -35.57171054299994, -57.25345987399999 -35.57161536399997, -57.25387865899995 -35.571729577999974, -57.25424033699994 -35.571805720999976, -57.25448780099998 -35.57191993499998, -57.25490658699994 -35.57188186399998, -57.26349168199994 -35.578886996999984, -57.26491528199995 -35.57700029799997, -57.26665160599998 -35.57469914599994, -57.26417840999994 -35.57306496999996, -57.263991646999955 -35.57294156499995, -57.25409004699998 -35.56639903599995, -57.250913071999946 -35.56429983499993, -57.24999999999994 -35.56369651799997, -57.24999999999994 -35.56748461999996, -57.25237483999996 -35.56965468799996, -57.252222554999946 -35.57001636599995, -57.25189894799996 -35.57041611599993, -57.25184184099999 -35.570930078999936, -57.25193701899997 -35.57121561499997, -57.252051232999975 -35.57150114999996)))",Esri-World_Imagery 2010
areas_de_actividad_agropecuaria_AL270.1298,1298,2,Establecimiento Agropecuario,,,,IGN,-1,"MULTIPOLYGON (((-58.53993733799996 -35.29947038599994, -58.54730231499997 -35.30602008699998, -58.555724149999946 -35.30356738099994, -58.55701219499997 -35.30181540199993, -58.55876261499998 -35.300467699999956, -58.56698628899994 -35.29510362499997, -58.55912590999998 -35.28995485599995, -58.561999241999956 -35.28682769499994, -58.55883688599994 -35.28340954799995, -58.55407347399995 -35.28249075399998, -58.55367648799995 -35.28267593299995, -58.55232238899998 -35.28787908199996, -58.53993733799996 -35.29947038599994)))",Esri-World_Imagery 2006
areas_de_actividad_agropecuaria_AL270.1299,1299,2,Establecimiento Agropecuario,,,,IGN,-1,"MULTIPOLYGON (((-58.226836626999955 -35.16728783899998, -58.22617989599996 -35.16783035699996, -58.225971673999936 -35.167813698999964, -58.225922913999966 -35.16777324999998, -58.225437503999956 -35.168601301999956, -58.22651301999997 -35.169029604999935, -58.226732623999965 -35.16853127299993, -58.22680807299997 -35.168506123999975, -58.22759805399994 -35.16800167799994, -58.226836626999955 -35.16728783899998)))",Imagery Esri 2000-2001-2006-2008
areas_de_actividad_agropecuaria_AL270.1410,1410,2,Establecimiento Agropecuario,,,,IGN,-1,"MULTIPOLYGON (((-59.04307153299993 -34.44119108599995, -59.045408331999965 -34.44246702999993, -59.046568168999954 -34.44094957699997, -59.04415656699996 -34.439749131999974, -59.04307153299993 -34.44119108599995)))",Esri-World_Imagery 2010
areas_de_actividad_agropecuaria_AL270.1301,1301,2,Establecimiento Agropecuario,,,,IGN,-1,"MULTIPOLYGON (((-57.362019370999974 -35.679338745999985, -57.36194691099996 -35.679339410999944, -57.361874728999965 -35.67934578399996, -57.361803272999964 -35.67935782599994, -57.36173298899996 -35.67937546199994, -57.36157197299997 -35.67942953399995, -57.36141294399994 -35.67948920099997, -57.361256098999945 -35.679554389999964, -57.36110162799997 -35.679625020999936, -57.36094971999995 -35.67970100799994, -57.36090328299997 -35.67973680199998, -57.36086121699998 -35.679777641999976, -57.360824064999974 -35.67982299999994, -57.360792308999976 -35.67987228599998, -57.360766361999936 -35.67992486299994, -57.36074655999994 -35.67998004799995, -57.36076260899995 -35.68009084399995, -57.360785275999945 -35.68020047799996, -57.36081447799995 -35.680308553999964, -57.360850110999934 -35.68041468399997, -57.36089204599995 -35.68051848599998, -57.36105082299997 -35.680781045999936, -57.36121330599997 -35.68104132999997, -57.361379461999945 -35.68129928399998, -57.36154925699998 -35.68155485799997, -57.36197054599995 -35.68215308899994, -57.362214893999976 -35.68253224899996, -57.362467667999965 -35.68289455799993, -57.36282155099997 -35.683484362999934, -57.36344505899996 -35.68445332799996, -57.36384949699993 -35.685068410999975, -57.36400958699994 -35.68523692699995, -57.36432976699996 -35.68560766099995, -57.36440559899995 -35.68570877099995, -57.364414024999974 -35.68574247399994, -57.36444772799996 -35.685809879999965, -57.364481430999945 -35.68588571199996, -57.36455393199998 -35.685836707999954, -57.36465855999995 -35.68588128499994, -57.36477991299995 -35.68595266899996, -57.36490126499996 -35.686002637999934, -57.365036894999946 -35.68606688299997, -57.36522963099998 -35.68609543699995, -57.365358121999975 -35.68608829799996, -57.36540809099995 -35.68607402199996, -57.365515165999966 -35.68593839199997, -57.365665071999956 -35.68575993299993, -57.36574719799995 -35.68567389699996, -57.36576511499993 -35.68565512699996, -57.365814978999936 -35.68560288799995, -57.365950607999935 -35.68551008899993, -57.365993437999975 -35.685431566999966, -57.366143343999966 -35.685274522999975, -57.36619331299994 -35.68514603199998, -57.36626469699996 -35.68503181799997, -57.36626469699996 -35.68495329499996, -57.36625041999997 -35.68482480499995, -57.36618617399995 -35.68468203699996, -57.36610051399998 -35.68456068399996, -57.36603626799996 -35.68443219399995, -57.36602199199996 -35.68421804199994, -57.36593633099994 -35.68408241299994, -57.36586494699998 -35.68394678299995, -57.36576500999996 -35.683818292999945, -57.36568648799994 -35.68368980199995, -57.36557941199993 -35.68354703399996, -57.36547233599998 -35.68338998999997, -57.365403398999945 -35.68333603899998, -57.36539381399996 -35.68327458599998, -57.36518561099996 -35.683036639999955, -57.364782840999965 -35.68250364099998, -57.364924808999945 -35.68219033399998, -57.36454541299997 -35.68150007799994, -57.363566326999944 -35.67994333199994, -57.36350023899996 -35.67986255699998, -57.36345373199998 -35.67981360299996, -57.36340967299998 -35.67976954399995, -57.36335582299995 -35.67971324699994, -57.363069440999936 -35.679331402999935, -57.36303203099993 -35.679292120999946, -57.36299027299998 -35.67925749699998, -57.36294474299996 -35.679228008999985, -57.36289606899999 -35.67920406199994, -57.362844922999955 -35.67918598799997, -57.362792010999954 -35.67917403499996, -57.36273806199995 -35.67916836999996, -57.36268382099996 -35.679169068999954, -57.362630036999974 -35.67917612399998, -57.36257744999995 -35.679189435999945, -57.36248933199994 -35.67922370399998, -57.36226414299995 -35.67928979199996, -57.36214215699994 -35.67931626899997, -57.362019370999974 -35.679338745999985)))",Esri-World_Imagery 2010
areas_de_actividad_agropecuaria_AL270.1302,1302,2,Establecimiento Agropecuario,,,,IGN,-1,"MULTIPOLYGON (((-57.36515621399997 -35.68781305199997, -57.36520775699995 -35.687967681999964, -57.365310842999975 -35.688173854999945, -57.365431110999964 -35.68834566499993, -57.365551377999964 -35.68843157099997, -57.365757550999945 -35.68862056299997, -57.365894999999966 -35.688792372999956, -57.365929361999974 -35.68896418399993, -57.36596372399998 -35.689170356999966, -57.366049629999964 -35.68939371099998, -57.366135534999955 -35.68959988399996, -57.36627298399998 -35.689823237999974, -57.36641043199995 -35.689909142999966, -57.366633785999966 -35.69011531599995, -57.36671969099996 -35.690269945999944, -57.366874320999955 -35.69049329999996, -57.366994588999944 -35.69069947299994, -57.36714921799995 -35.69095718899996, -57.36723512399993 -35.69116336199994, -57.36728666699997 -35.69136953399993, -57.36742411499995 -35.69169597499996, -57.367492839999954 -35.69179906099998, -57.36763028799999 -35.69193650999995, -57.367750555999976 -35.69207395799998, -57.367991090999965 -35.69243476099996, -57.36805981499998 -35.69260657199993, -57.36814572099996 -35.692829925999945, -57.36828316899994 -35.693070460999934, -57.36830034999997 -35.693122003999974, -57.368403436999984 -35.69331099599998, -57.36862679099994 -35.693688978999944, -57.368695514999956 -35.69379206599996, -57.36874705799994 -35.69387797099995, -57.36888450699996 -35.69398105799996, -57.36927967099996 -35.694238773999984, -57.36945148199993 -35.69453085199996, -57.369554568999945 -35.69466830099998, -57.36958893099995 -35.694805748999954, -57.36958893099995 -35.69485729199994, -57.36950302499997 -35.69490883599997, -57.369407327999966 -35.69515984399993, -57.369680965999976 -35.69549296799994, -57.36979993899996 -35.69569522199998, -57.36997839899993 -35.69605214099994, -57.37020444799998 -35.69623060099997, -57.37025203699994 -35.69645664999996, -57.37027583099996 -35.69676597999995, -57.370382906999964 -35.69690874699995, -57.37058516099995 -35.69705151499994, -57.37077551799996 -35.697265666999954, -57.370930182999984 -35.697491714999956, -57.37106105299995 -35.69771776399995, -57.37123951299998 -35.69794381299994, -57.371346588999984 -35.69814606699998, -57.37147745899995 -35.69836021899994, -57.371394177999946 -35.69862195899998, -57.37137038299994 -35.698871802999975, -57.37589438499998 -35.70093939199995, -57.375774116999935 -35.700578589999964, -57.37563666899996 -35.70038959799996, -57.37534458999994 -35.700166243999945, -57.37527586599998 -35.700166243999945, -57.37518996099993 -35.700045976999945, -57.37506969299994 -35.69990852799998, -57.375035330999935 -35.699805441999956, -57.37501814999996 -35.69965081199996, -57.375035330999935 -35.69953054399997, -57.37513841799995 -35.69925564699997, -57.37472607199999 -35.698808938999946, -57.37469170999998 -35.698482498999965, -57.37453707999998 -35.69820760199997, -57.37439963099996 -35.697984247999955, -57.37419345799998 -35.69779525599995, -57.37390137999995 -35.69727982399996, -57.37381547499996 -35.697159555999974, -57.373678025999936 -35.69693620199996, -57.37350621599995 -35.696661304999964, -57.37304232699995 -35.69593969999994, -57.372973601999945 -35.69583661399997, -57.37271588599998 -35.695424267999954, -57.37199428099996 -35.69437622199996, -57.37192555699994 -35.69417004899998, -57.371788107999976 -35.693946694999966, -57.371616296999946 -35.69372334099995, -57.37146166799994 -35.693620254999985, -57.37132421899997 -35.69348280599996, -57.37060261399995 -35.69284710699998, -57.37039644099997 -35.69267529599995, -57.37020744899996 -35.692451941999934, -57.37006014599996 -35.692394381999975, -57.370050627999944 -35.69221354299998, -57.36999352099997 -35.69204222199994, -57.36974591599994 -35.69139988699993, -57.36971260299998 -35.69126187899997, -57.36965549599995 -35.69105724499997, -57.36956983599998 -35.69086212899998, -57.36953176399999 -35.690700325999956, -57.36946513899994 -35.690543281999965, -57.36943658599995 -35.69042430799993, -57.36938899699999 -35.690262504999964, -57.36934140699998 -35.69014353199998, -57.36929857699994 -35.690010281999946, -57.36926050599993 -35.68989130899996, -57.36922243399994 -35.689777094999954, -57.369189121999966 -35.68966288099995, -57.369127255999956 -35.68954390799996, -57.36907014899998 -35.68941065799993, -57.36897972899993 -35.68920602399993, -57.36888455099995 -35.68897283699994, -57.368813166999985 -35.68882531099996, -57.36873226499995 -35.688706337999974, -57.36867991699995 -35.688577846999976, -57.36860377499994 -35.68844935599998, -57.368565702999945 -35.68835417699995, -57.36844672999996 -35.68814954399994, -57.36838010499997 -35.68805436499997, -57.36829444499995 -35.688035329999934, -57.36822781999996 -35.688016293999965, -57.36818022999995 -35.68798298099995, -57.368142158999945 -35.68794966899998, -57.368080292999934 -35.68783545499997, -57.36800414999993 -35.687730758999976, -57.36750922199997 -35.68791159799997, -57.367433079999955 -35.68778310699997, -57.36734711699995 -35.68762444999993, -57.367265284999974 -35.687463623999975, -57.36718763899995 -35.68730073499995, -57.36711423199995 -35.68713589299995, -57.36703226499998 -35.68695243499997, -57.36699039399997 -35.68687253799993, -57.366945459999954 -35.68679432199997, -57.36677572299993 -35.68656084599996, -57.36671663799996 -35.68649370399993, -57.36665556699995 -35.68642836199996, -57.365977972999985 -35.686439562999965, -57.36580628099995 -35.686592178999945, -57.36558574099996 -35.68691963599997, -57.36548265399995 -35.687108627999976, -57.365259299999934 -35.68736634399994, -57.36515621399997 -35.68757251699998, -57.36515621399997 -35.68781305199997)))",Esri-World_Imagery 2010
areas_de_actividad_agropecuaria_AL270.1303,1303,2,Establecimiento Agropecuario,,,,IGN,-1,"MULTIPOLYGON (((-57.35467544399995 -35.70557530399998, -57.35458264499994 -35.705653825999946, -57.354404184999964 -35.70575376299996, -57.354104372999984 -35.70590366899995, -57.35463261299998 -35.70652470899995, -57.35468971999995 -35.70648901699997, -57.35491100999997 -35.70638907899996, -57.35529648299996 -35.70638907899996, -57.35543925099995 -35.706424770999945, -57.355524910999975 -35.706453324999984, -57.355624847999934 -35.70644618699998, -57.355667678999964 -35.70640335599995, -57.355681955999955 -35.70633911099998, -57.355674816999965 -35.70630341899994, -57.35563912499998 -35.70624631199996, -57.35555346499996 -35.70615351299995, -57.35550349599998 -35.70606785199993, -57.35540355899997 -35.70595363799998, -57.355325035999954 -35.70584656199998, -57.35528220599997 -35.70576803999995, -57.35531075999995 -35.70571093299998, -57.35541069699997 -35.70560385699997, -57.35546066599994 -35.70560385699997, -57.35561057199993 -35.70546822799997, -57.357273814999985 -35.70468300599998, -57.357430858999976 -35.704525960999945, -57.35746798099996 -35.70443145699994, -57.35739659799998 -35.704317242999934, -57.35726334799995 -35.704098331999944, -57.357139615999984 -35.70391749299995, -57.35700636599995 -35.70377472599995, -57.35685407999995 -35.70360340399998, -57.35681167399997 -35.70352330399993, -57.35678058599996 -35.70344271699997, -57.35674810099994 -35.70335850799995, -57.356559026999946 -35.703089440999975, -57.356482883999945 -35.70301329799997, -57.35629252799998 -35.702841976999935, -57.35609265299996 -35.70266113799994, -57.356024597999976 -35.70239158499993, -57.35359754799998 -35.70301262399994, -57.35495383999995 -35.705025647999946, -57.35453981399996 -35.705175553999936, -57.35462547499998 -35.70527549199994, -57.35468971999995 -35.70541825899994, -57.35468971999995 -35.70547536599997, -57.35467544399995 -35.70557530399998)))",Esri-World_Imagery 2010
areas_de_actividad_agropecuaria_AL270.1304,1304,2,Establecimiento Agropecuario,,,,IGN,-1,"MULTIPOLYGON (((-57.41482443999996 -35.78848739599994, -57.41488853299995 -35.788551489999975, -57.41501671999998 -35.788551489999975, -57.415144906999956 -35.788551489999975, -57.415273093999986 -35.788551489999975, -57.41536923399997 -35.788519442999984, -57.41538525699997 -35.788519442999984, -57.41540127999997 -35.788519442999984, -57.41543332699996 -35.788519442999984, -57.41544934999996 -35.788519442999984, -57.41546537399995 -35.788551489999975, -57.41557753699993 -35.788599559999966, -57.41560958399998 -35.788599559999966, -57.41564163099997 -35.78861558299997, -57.41567367699997 -35.78861558299997, -57.41568970099996 -35.78861558299997, -57.41570572399996 -35.78861558299997, -57.415721746999964 -35.78864762999996, -57.415753793999954 -35.78864762999996, -57.415785840999945 -35.78869569999995, -57.415881980999984 -35.78875979299994, -57.415914026999985 -35.78877581599994, -57.415946073999976 -35.78877581599994, -57.415946073999976 -35.78879183999993, -57.415962096999976 -35.78879183999993, -57.415962096999976 -35.78882388699998, -57.41599414399997 -35.78888797999997, -57.41601016799996 -35.78895207299996, -57.41605823799995 -35.78901616699994, -57.41607426099995 -35.789064236999934, -57.41609028399995 -35.789096282999935, -57.41609028399995 -35.78911230699998, -57.41609028399995 -35.78914435299998, -57.41609028399995 -35.78916037699997, -57.41609028399995 -35.789208446999965, -57.41609028399995 -35.789224469999965, -57.41609028399995 -35.789240493999955, -57.41612233099994 -35.789256516999956, -57.41613835399994 -35.78930458699995, -57.41615437799999 -35.78932060999995, -57.41615437799999 -35.78935265699994, -57.41617040099993 -35.78938470399993, -57.41618642399993 -35.78943277399998, -57.41621847099998 -35.78951288999997, -57.41625051799997 -35.78956095999996, -57.41626654099997 -35.78959300699995, -57.41628256399997 -35.78962505399994, -57.41628256399997 -35.78964107699994, -57.41629858799996 -35.78967312399993, -57.41631461099996 -35.78968914699993, -57.41633063399996 -35.78968914699993, -57.41634665799995 -35.78972119399998, -57.41639472799994 -35.78976926399997, -57.416426774999934 -35.789833356999964, -57.416458820999935 -35.789865403999954, -57.416538937999974 -35.78996154399994, -57.416570984999964 -35.79002563699993, -57.416603030999966 -35.790073706999976, -57.416619054999956 -35.790089730999966, -57.416635077999956 -35.79012177799996, -57.416635077999956 -35.79013780099996, -57.41665110099996 -35.79018587099995, -57.41665110099996 -35.79021791799994, -57.41668314799995 -35.79031405799998, -57.416763264999986 -35.79047429099995, -57.41682735799998 -35.79058645499998, -57.41685940499997 -35.790650547999974, -57.41687542799997 -35.790682594999964, -57.41689145199996 -35.790698617999965, -57.41690747499996 -35.790730664999955, -57.41690747499996 -35.79076271099996, -57.41693952199995 -35.79081078099995, -57.41697156799995 -35.79087487499993, -57.41700361499994 -35.79090692099993, -57.41700361499994 -35.79095499099998, -57.41703566199993 -35.79100306199996, -57.417067707999934 -35.79105113199995, -57.41708373199998 -35.79108317799995, -57.41709975499998 -35.79109920199994, -57.41711577799998 -35.79113124799994, -57.41711577799998 -35.79116329499993, -57.41713180199997 -35.79119534199998, -57.41716384799997 -35.79129148199996, -57.41716384799997 -35.791355574999955, -57.41717987199996 -35.791419668999936, -57.41717987199996 -35.791515808999975, -57.41719589499996 -35.791563878999966, -57.417211917999964 -35.79159592499997, -57.417211917999964 -35.79162797199996, -57.417227941999954 -35.79169206499995, -57.417243964999955 -35.79175615899993, -57.417243964999955 -35.79177218199993, -57.417243964999955 -35.79182025199998, -57.417259987999955 -35.79185229899997, -57.417276011999945 -35.79186832199997, -57.417308058999936 -35.79190036899996, -57.417308058999936 -35.79193241599995, -57.417372151999984 -35.79198048599994, -57.417404198999975 -35.79207662599998, -57.417452268999966 -35.792140718999974, -57.41748431499997 -35.792204811999966, -57.41750033899996 -35.792236858999956, -57.41753238499996 -35.79226890599995, -57.41754840899995 -35.79233299899994, -57.41756443199995 -35.79238106899993, -57.41756443199995 -35.79241311599998, -57.41758045499995 -35.79242913899998, -57.41761250199994 -35.79246118599997, -57.41762852499994 -35.79252527899996, -57.41769261899998 -35.79262141899994, -57.41772466599997 -35.79270153599998, -57.41775671199997 -35.79273358299997, -57.41778875899996 -35.792797675999964, -57.41783682899995 -35.792909839999936, -57.417900921999944 -35.79307007299997, -57.41796501599998 -35.79321428299994, -57.41799706199998 -35.79329439999998, -57.41799706199998 -35.79335849299997, -57.418029108999974 -35.79342258699995, -57.418029108999974 -35.79345463299995, -57.418029108999974 -35.79347065699994, -57.418061155999965 -35.793518726999935, -57.418061155999965 -35.79355077399998, -57.418061155999965 -35.79356679699998, -57.418061155999965 -35.793630889999974, -57.418093201999966 -35.793694983999956, -57.41812524899996 -35.79379112399994, -57.41812524899996 -35.79387123999993, -57.41815729599995 -35.79391930999998, -57.41815729599995 -35.79395135699997, -57.41817331899995 -35.79399942699996, -57.41820536599994 -35.79409556699994, -57.41828548299998 -35.79419170699998, -57.41834957599997 -35.794335916999955, -57.41839764599996 -35.794480127999975, -57.41842969299995 -35.79457626799996, -57.41842969299995 -35.79459229099996, -57.41844571599995 -35.79465638399995, -57.41847776299994 -35.79476854799998, -57.41852583299993 -35.79488071099996, -57.418557878999934 -35.79494480499994, -57.41857390299998 -35.794992874999934, -57.41857390299998 -35.79504094499998, -57.41858992599998 -35.795089014999974, -57.41862197299997 -35.795153107999965, -57.41865401999996 -35.79523322499995, -57.41867004299996 -35.79528129499994, -57.418686065999964 -35.79532936499993, -57.418734135999955 -35.79540948199997, -57.418734135999955 -35.79542550499997, -57.418734135999955 -35.79544152799997, -57.418750159999945 -35.79545755199996, -57.418750159999945 -35.79548959799996, -57.418766182999946 -35.79548959799996, -57.418782205999946 -35.79553766799995, -57.418782205999946 -35.79558573799994, -57.41881425299994 -35.79564983199998, -57.418862322999985 -35.79571392499997, -57.418894369999975 -35.795778018999954, -57.418894369999975 -35.795794041999955, -57.418910392999976 -35.795826088999945, -57.418910392999976 -35.795842111999946, -57.418910392999976 -35.795858134999946, -57.418910392999976 -35.79589018199994, -57.41894243999997 -35.79590620499994, -57.41894243999997 -35.795922228999984, -57.41894243999997 -35.795938251999985, -57.41897448599997 -35.79600234499998, -57.41897448599997 -35.79603439199997, -57.41897448599997 -35.79606643899996, -57.41897448599997 -35.79608246199996, -57.41897448599997 -35.79609848499996, -57.41897448599997 -35.79611450899995, -57.41899050999996 -35.79613053199995, -57.41899050999996 -35.79614655599994, -57.41900653299996 -35.79616257899994, -57.41902255699995 -35.79617860199994, -57.41903857999995 -35.79621064899993, -57.41903857999995 -35.79622667199993, -57.41903857999995 -35.79624269599998, -57.41903857999995 -35.79625871899998, -57.41905460299995 -35.79629076599997, -57.41905460299995 -35.79632281199997, -57.41905460299995 -35.79633883599996, -57.41905460299995 -35.79635485899996, -57.41908664999994 -35.79637088199996, -57.41910267299994 -35.79640292899995, -57.41913471999993 -35.796434975999944, -57.41916676699998 -35.796483045999935, -57.41927892999996 -35.796611232999965, -57.41935904699994 -35.79670737299995, -57.41935904699994 -35.79673941899995, -57.419375069999944 -35.79673941899995, -57.419391092999945 -35.79675544299994, -57.419391092999945 -35.79677146599994, -57.419407116999935 -35.79680351299993, -57.419407116999935 -35.79683555899993, -57.419423139999935 -35.79686760599998, -57.41943916399998 -35.79691567599997, -57.41943916399998 -35.79696374599996, -57.41943916399998 -35.79701181599995, -57.41943916399998 -35.79704386299994, -57.41943916399998 -35.79707590999993, -57.41943916399998 -35.797107955999934, -57.419423139999935 -35.79714000299998, -57.419407116999935 -35.79715602599998, -57.419375069999944 -35.79718807299997, -57.41934302299995 -35.79722011999996, -57.41932699999995 -35.79722011999996, -57.41926290699996 -35.797252165999964, -57.41923085999997 -35.797284212999955, -57.41919881299998 -35.797316259999945, -57.41915074299993 -35.797316259999945, -57.41913471999993 -35.797316259999945, -57.41911869699993 -35.797316259999945, -57.41910267299994 -35.797332282999946, -57.41903857999995 -35.79734830599995, -57.41902255699995 -35.79734830599995, -57.41897448599997 -35.79738035299994, -57.41894243999997 -35.79739637599994, -57.41894243999997 -35.797412399999985, -57.41894243999997 -35.79742842299993, -57.41894243999997 -35.797444446999975, -57.41894243999997 -35.79749251699997, -57.41894243999997 -35.79750853999997, -57.41894243999997 -35.79752456299997, -57.41895846299997 -35.79754058699996, -57.41897448599997 -35.79758865699995, -57.41897448599997 -35.79760467999995, -57.41899050999996 -35.79760467999995, -57.41900653299996 -35.79763672699994, -57.41900653299996 -35.79765274999994, -57.41903857999995 -35.79765274999994, -57.41905460299995 -35.79766877299994, -57.41905460299995 -35.79768479699993, -57.41907062699994 -35.79768479699993, -57.41910267299994 -35.79771684299993, -57.41915074299993 -35.79773286699998, -57.41916676699998 -35.79774888999998, -57.41918278999998 -35.79776491299998, -57.41919881299998 -35.79781298299997, -57.41919881299998 -35.79782900699996, -57.41919881299998 -35.79784502999996, -57.41919881299998 -35.79786105299996, -57.41919881299998 -35.79789309999995, -57.41919881299998 -35.797925146999944, -57.41919881299998 -35.797957193999935, -57.41919881299998 -35.797989239999936, -57.41919881299998 -35.79802128699998, -57.41919881299998 -35.798053333999974, -57.41919881299998 -35.798069356999974, -57.41919881299998 -35.798101403999965, -57.41919881299998 -35.798117426999966, -57.41923085999997 -35.79816549699996, -57.41924688299997 -35.79819754399995, -57.41926290699996 -35.79821356699995, -57.41926290699996 -35.79822958999995, -57.41926290699996 -35.79826163699994, -57.41927892999996 -35.79830970699993, -57.41931097699995 -35.79834175399998, -57.41932699999995 -35.79835777699998, -57.419375069999944 -35.79837380099997, -57.419423139999935 -35.79840584699997, -57.41945518699998 -35.79842187099996, -57.419519279999975 -35.79846994099995, -57.419551326999965 -35.79848596399995, -57.41961541999996 -35.79856608099993, -57.41966348999995 -35.79864619699998, -57.41971155999994 -35.79871029099996, -57.41975962999999 -35.798790407999945, -57.41979167699998 -35.79887052399994, -57.41983974699997 -35.798950640999976, -57.41985576999997 -35.79896666399998, -57.41988781699996 -35.79901473399997, -57.41991986399995 -35.79903075799996, -57.41991986399995 -35.79904678099996, -57.41996793399994 -35.79909485099995, -57.41996793399994 -35.79911087399995, -57.41998395699994 -35.79914292099994, -57.42001600399993 -35.79917496799993, -57.42004805099998 -35.79928713099997, -57.42004805099998 -35.799383270999954, -57.42004805099998 -35.799447364999935, -57.42006407399998 -35.799511457999984, -57.42008009699998 -35.799543504999974, -57.42011214399997 -35.799591574999965, -57.42012816699997 -35.799623621999956, -57.420192260999954 -35.79970373799995, -57.420224306999955 -35.79973578499994, -57.42028840099994 -35.79981590199998, -57.420352493999985 -35.79992806499996, -57.420384540999976 -35.79999215799995, -57.42048068099996 -35.80013636899997, -57.42051272799995 -35.80018443899996, -57.42059284399994 -35.80032864899994, -57.42062489099993 -35.80040876499993, -57.42064091399993 -35.80047285899997, -57.42068898399998 -35.80058502199995, -57.42072103099997 -35.80061706899994, -57.42075307799996 -35.80072923199998, -57.42081717099995 -35.80079332599996, -57.42083319499994 -35.80084139599995, -57.42094535799998 -35.801049698999975, -57.420993427999974 -35.80114583899996, -57.421025474999965 -35.80122595599994, -57.421025474999965 -35.80125800299993, -57.421025474999965 -35.80129004899993, -57.421057520999966 -35.80145028299995, -57.42110559099996 -35.801562445999934, -57.42115366099995 -35.80164256299997, -57.42118570799994 -35.801674609999964, -57.42123377799999 -35.801706655999965, -57.42128184799998 -35.801754726999945, -57.42132991799997 -35.801770749999946, -57.42139401199995 -35.80180279699994, -57.42144208199994 -35.80181881999994, -57.421506174999934 -35.80183484299994, -57.42157026799998 -35.80186688999993, -57.421698454999955 -35.801898936999976, -57.42179459499994 -35.80193098299998, -57.421858688999976 -35.80196302999997, -57.42192278199997 -35.80196302999997, -57.42193880499997 -35.80199507699996, -57.42197085199996 -35.80204314699995, -57.42198687499996 -35.80210723999994, -57.42200289899995 -35.80218735699998, -57.42200289899995 -35.802379636999945, -57.42200289899995 -35.802427706999936, -57.42201892199995 -35.80245975399998, -57.42203494599994 -35.802523846999975, -57.42205096899994 -35.80258793999997, -57.42208301599993 -35.80265203399995, -57.42208301599993 -35.80276419699993, -57.42208301599993 -35.80279624399998, -57.42208301599993 -35.80286033699997, -57.42201892199995 -35.80290840699996, -57.42197085199996 -35.80292443099995, -57.42197085199996 -35.80294045399995, -57.42192278199997 -35.80297250099994, -57.42189073499998 -35.803036593999934, -57.421874711999976 -35.80306864099998, -57.421858688999976 -35.80311671099997, -57.421810618999984 -35.803196827999955, -57.42177857199994 -35.803260920999946, -57.421762548999936 -35.80342115399998, -57.421762548999936 -35.80348524799996, -57.421762548999936 -35.80354934099995, -57.42177857199994 -35.80362945799993, -57.42177857199994 -35.80364548099993, -57.421810618999984 -35.80369355099998, -57.421858688999976 -35.80375764499996, -57.42192278199997 -35.803821737999954, -57.42198687499996 -35.803885830999945, -57.42201892199995 -35.803965947999984, -57.42201892199995 -35.804014017999975, -57.42201892199995 -35.80407811199996, -57.42197085199996 -35.80422232199993, -57.42195482899996 -35.80428641499998, -57.42193880499997 -35.80433448499997, -57.42192278199997 -35.80443062499995, -57.42190675899997 -35.804510741999934, -57.42190675899997 -35.80459085899997, -57.421874711999976 -35.804654951999964, -57.421858688999976 -35.804703021999956, -57.421874711999976 -35.80483120899993, -57.421874711999976 -35.80489530199998, -57.42189073499998 -35.80494337199997, -57.42190675899997 -35.80499144199996, -57.42190675899997 -35.80505553599994, -57.42193880499997 -35.80510360599993, -57.42197085199996 -35.80519974599997, -57.42201892199995 -35.80526383899996, -57.42213108599998 -35.80542407299998, -57.42216313199998 -35.805488165999975, -57.42219517899997 -35.80555225899997, -57.42224324899996 -35.80566442299994, -57.42227529599995 -35.80571249299993, -57.422307341999954 -35.80579260999997, -57.422323365999944 -35.80585670299996, -57.422403481999936 -35.806016935999935, -57.42243552899998 -35.80608102999997, -57.422483598999975 -35.806161146999955, -57.422515645999965 -35.80622523999995, -57.42261178599995 -35.80636944999998, -57.42264383299994 -35.80640149699997, -57.42267587899994 -35.80648161299996, -57.42273997299998 -35.80659377699993, -57.42278804299997 -35.80670593999997, -57.42285213599996 -35.806818103999944, -57.42288418299995 -35.806882196999936, -57.42290020599995 -35.806946290999974, -57.42290020599995 -35.806994360999965, -57.42290020599995 -35.80702640699997, -57.42291622999994 -35.80705845399996, -57.42291622999994 -35.80712254699995, -57.42293225299994 -35.80717061699994, -57.42294827599994 -35.80721868699993, -57.42296429999993 -35.80726675699998, -57.422996345999934 -35.80733085099996, -57.42301236999998 -35.80741096799994, -57.42304441599998 -35.80753915399998, -57.42307646299997 -35.807619270999965, -57.42309248599997 -35.807667340999956, -57.423140555999964 -35.80777950399994, -57.42326874299994 -35.80800383099995, -57.423332836999975 -35.80814804099998, -57.42336488299998 -35.80821213499996, -57.42343014099998 -35.808266516999936, -57.423281902999975 -35.80881005499998, -57.42326874299994 -35.80885830999995, -57.42324895999997 -35.80893084599995, -57.42371533499994 -35.81000636299996, -57.42373436999998 -35.81000636299996, -57.423753405999946 -35.81010154099994, -57.423753405999946 -35.81013009499998, -57.423753405999946 -35.81014912999996, -57.423753405999946 -35.81017768399994, -57.423753405999946 -35.810215754999945, -57.423753405999946 -35.81023479099997, -57.423753405999946 -35.81028237999993, -57.42374388799993 -35.81030141599996, -57.42374388799993 -35.810320451999985, -57.42374388799993 -35.810339486999965, -57.423724851999964 -35.81036804099995, -57.423724851999964 -35.810387075999984, -57.42371533499994 -35.81042514799998, -57.423705816999984 -35.81045370099997, -57.423705816999984 -35.810482254999954, -57.42369629899997 -35.81051080799995, -57.42369629899997 -35.81052984399997, -57.42369629899997 -35.81054887999994, -57.42369629899997 -35.81056791599997, -57.42369629899997 -35.81058695099995, -57.42369629899997 -35.810605986999974, -57.42368678099996 -35.81062502299994, -57.42368678099996 -35.81064405799998, -57.423677262999945 -35.81067261199996, -57.42366774499993 -35.81071068299997, -57.42363919199994 -35.810824896999975, -57.42362967399998 -35.81085345099996, -57.42362015599997 -35.81087248699998, -57.42361063799996 -35.810901039999976, -57.42357256699995 -35.81094862899994, -57.42357256699995 -35.81097718299998, -57.42356304899994 -35.81099621799996, -57.42354401299997 -35.81101525399998, -57.423534495999945 -35.81103428999995, -57.423515459999976 -35.811062842999945, -57.423515459999976 -35.81108187899997, -57.42349642399995 -35.81114850399996, -57.42349642399995 -35.81116753999993, -57.42349642399995 -35.81121512899995, -57.423515459999976 -35.81129127199995, -57.423534495999945 -35.811329342999954, -57.42357256699995 -35.81134837899998, -57.42359160299998 -35.81134837899998, -57.42361063799996 -35.81136741399996, -57.42363919199994 -35.81139596799994, -57.42369629899997 -35.81153873599993, -57.42371533499994 -35.81158632499995, -57.42374388799993 -35.81164343199998, -57.42376219999994 -35.811661743999935, -57.42376292399996 -35.81166246799995, -57.423781959999985 -35.81168150299993, -57.423781959999985 -35.81170053899996, -57.42378383399995 -35.81170991099998, -57.42379147699995 -35.81174812799998, -57.42381051299998 -35.81179571699994, -57.42382954899995 -35.811833788999934, -57.423848583999984 -35.811957520999954, -57.423848583999984 -35.81198607399995, -57.42385810199994 -35.81200510999997, -57.42385810199994 -35.81202414599994, -57.42385810199994 -35.812052698999935, -57.42385810199994 -35.812100287999954, -57.42386761999995 -35.81213835999995, -57.423877137999966 -35.81218594899997, -57.423896173999935 -35.812224019999974, -57.423896173999935 -35.812252573999956, -57.423924726999985 -35.812319198999944, -57.423943762999954 -35.81234775199994, -57.423943762999954 -35.81236678799996, -57.42397231599995 -35.81242389499994, -57.42399135199997 -35.81248100199997, -57.42401038799994 -35.81250955599995, -57.424019905999955 -35.812538108999945, -57.424038940999935 -35.81259521599998, -57.424067494999974 -35.81264280599993, -57.42407701299999 -35.812661840999965, -57.42409604799997 -35.81269991299996, -57.42409604799997 -35.81272846599995, -57.424115083999936 -35.812757019999935, -57.424162672999955 -35.812804608999954, -57.42419122699994 -35.81281412699997, -57.42421977999999 -35.81281412699997, -57.42429592299993 -35.81282364499998, -57.42432447699997 -35.81282364499998, -57.42434351199995 -35.81283316199995, -57.42437206599993 -35.81285219799997, -57.42441013699994 -35.81285219799997, -57.424429172999965 -35.81286171599993, -57.42443074099998 -35.812863283999945, -57.42800171799996 -35.81052367899997, -57.42798884699994 -35.81051080799995, -57.42796981099997 -35.81050129099998, -57.427960292999956 -35.810482254999954, -57.427941256999986 -35.810482254999954, -57.427941256999986 -35.810463218999985, -57.42792222199995 -35.81044418399995, -57.42790318599998 -35.810415629999966, -57.427884149999954 -35.810387075999984, -57.42787463199994 -35.810358522999934, -57.42785559699996 -35.810339486999965, -57.42784607899995 -35.81031093399997, -57.427836560999936 -35.810291897999946, -57.427817524999966 -35.81027286199998, -57.42780800799994 -35.81025382699994, -57.42779848999999 -35.81022527299996, -57.42779848999999 -35.810196719999965, -57.42778897199997 -35.81017768399994, -57.42778897199997 -35.81014912999996, -57.42778897199997 -35.81013009499998, -57.42776993599995 -35.81008250499997, -57.42776993599995 -35.81004443399996, -57.42776993599995 -35.81000636299996, -57.42775089999998 -35.809996844999944, -57.42773186499994 -35.80995877299995, -57.427722346999985 -35.809930219999956, -57.427722346999985 -35.80991118399993, -57.427693792999946 -35.80986359499997, -57.42767475799997 -35.80984455899994, -57.42767475799997 -35.80981600599995, -57.42765572199994 -35.80979696999998, -57.427646203999984 -35.80977793399995, -57.42762716899995 -35.80974938099996, -57.42758909699995 -35.80968275599997, -57.42757957899994 -35.809663719999946, -57.42756054399996 -35.80962564899994, -57.427551025999946 -35.80959709499996, -57.42754150799993 -35.80955902399995, -57.42753198999998 -35.80953998799998, -57.42751295399995 -35.80950191699998, -57.42751295399995 -35.80948288099995, -57.42749391899997 -35.80947336299994, -57.42749391899997 -35.80945432799996, -57.42748440099996 -35.809425773999976, -57.42748440099996 -35.80938770299997, -57.427474882999945 -35.80933059599994, -57.427455846999976 -35.80929252399994, -57.42744632899996 -35.80923541699997, -57.42744632899996 -35.809206863999975, -57.42742729399998 -35.809178309999936, -57.427398739999944 -35.809130720999974, -57.42737018699995 -35.80910216799998, -57.42735115099998 -35.809083131999955, -57.427332114999956 -35.80906409599993, -57.427313079999976 -35.80904505999996, -57.42730887499994 -35.809042957999964, -57.42729060299996 -35.80899727899998, -57.42725855599997 -35.80891716199994, -57.42722650999997 -35.80885306899995, -57.42722650999997 -35.80880499899996, -57.42719446299998 -35.80875692899997, -57.42719446299998 -35.80874090499998, -57.42716241599999 -35.80872488199998, -57.42714639299999 -35.80864476499994, -57.42713036899994 -35.80861271799995, -57.42713036899994 -35.80854862499996, -57.42711434599994 -35.80851657799997, -57.42708229899995 -35.808468507999976, -57.42708229899995 -35.808452484999975, -57.42706627599995 -35.80837236799994, -57.42705025299995 -35.808308274999945, -57.42703422899996 -35.808260204999954, -57.42701820599996 -35.80819611099997, -57.426986158999966 -35.80811599499998, -57.426970135999966 -35.80811599499998, -57.426954112999965 -35.80805190099994, -57.426938088999975 -35.80798780799995, -57.426906042999974 -35.80792371499996, -57.426890018999984 -35.80785962099998, -57.42685797299998 -35.80781155099993, -57.42685797299998 -35.80777950399994, -57.42685797299998 -35.80773143399995, -57.426825925999935 -35.807683363999956, -57.426809902999935 -35.807635293999965, -57.426793878999945 -35.807603247999964, -57.426777855999944 -35.80755517799997, -57.426761831999954 -35.80753915399998, -57.426761831999954 -35.80750710799998, -57.42672978599995 -35.807443013999944, -57.42669773899996 -35.80739494399995, -57.42668171599996 -35.80739494399995, -57.42666569199997 -35.80734687399996, -57.42666569199997 -35.80731482699997, -57.42663364599997 -35.80729880399997, -57.42663364599997 -35.80728278099997, -57.42661762199998 -35.80726675699998, -57.42660159899998 -35.80721868699993, -57.42658557599998 -35.80717061699994, -57.42655352899993 -35.80712254699995, -57.42652148199994 -35.80704243099996, -57.42652148199994 -35.80702640699997, -57.42650545899994 -35.806978336999975, -57.42647341199995 -35.806930266999984, -57.42647341199995 -35.806882196999936, -57.42645738899995 -35.806834126999945, -57.42645738899995 -35.806802079999954, -57.42644136599995 -35.806802079999954, -57.42644136599995 -35.80675400999996, -57.42644136599995 -35.80673798699996, -57.42642534199996 -35.80672196399996, -57.42642534199996 -35.80670593999997, -57.42642534199996 -35.80668991699997, -57.42640931899996 -35.80667389399997, -57.42639329599996 -35.80664184699998, -57.42636124899997 -35.80659377699993, -57.42636124899997 -35.80657775399993, -57.42636124899997 -35.80652968399994, -57.42636124899997 -35.80651365999995, -57.42632920199998 -35.80648161299996, -57.42632920199998 -35.80644956699996, -57.426297154999986 -35.80641751999997, -57.426297154999986 -35.80638547299998, -57.426281131999986 -35.80632137999993, -57.426265108999985 -35.80630535699993, -57.42624908499994 -35.80627330999994, -57.42623306199994 -35.80625728699994, -57.42621703899994 -35.80622523999995, -57.42620101499995 -35.806161146999955, -57.426184991999946 -35.806129099999964, -57.426168968999946 -35.806113076999964, -57.426152944999956 -35.80606500599998, -57.426120898999955 -35.806016935999935, -57.426104874999965 -35.806000912999934, -57.426088851999964 -35.805984889999934, -57.42605680499997 -35.80590477299995, -57.42605680499997 -35.80588874999995, -57.42604078199997 -35.80584067999996, -57.42602475899997 -35.80579260999997, -57.42599271199998 -35.80574453999998, -57.42599271199998 -35.80572851599993, -57.42597668899998 -35.80571249299993, -57.42594464199993 -35.80561635299995, -57.42592861899993 -35.80560032899996, -57.42591259499994 -35.80555225899997, -57.42589657199994 -35.805488165999975, -57.42588054799995 -35.805472142999974, -57.42586452499995 -35.805440095999984, -57.42586452499995 -35.805392025999936, -57.42584850199995 -35.805376002999935, -57.42581645499996 -35.805327932999944, -57.42578440799997 -35.80523179299996, -57.42576838499997 -35.80519974599997, -57.42573633799998 -35.80515167599998, -57.42568826799993 -35.80510360599993, -57.42568826799993 -35.80507155899994, -57.42567224499999 -35.80503951199995, -57.42564019799994 -35.80495939599996, -57.42562417499994 -35.80494337199997, -57.42559212799995 -35.804863255999976, -57.42559212799995 -35.80484723199993, -57.42556008199995 -35.804815185999985, -57.42552803499996 -35.80475109199995, -57.425512011999956 -35.80475109199995, -57.425495987999966 -35.804719044999956, -57.425463940999975 -35.804654951999964, -57.425463940999975 -35.804622904999974, -57.425431894999974 -35.80457483499998, -57.425431894999974 -35.80454278899998, -57.425399847999984 -35.804510741999934, -57.425367800999936 -35.80446267199994, -57.425367800999936 -35.80444664899994, -57.425351777999936 -35.80439857899995, -57.425319730999945 -35.80435050899996, -57.425319730999945 -35.80431846199997, -57.425287684999944 -35.80425436799993, -57.425287684999944 -35.80423834499993, -57.425271660999954 -35.80419027499994, -57.42523961499995 -35.80412618199995, -57.42522359099996 -35.80412618199995, -57.42520756799996 -35.80406208799997, -57.42519154499996 -35.804046064999966, -57.42517552099997 -35.804014017999975, -57.42514347499997 -35.80393390199998, -57.42514347499997 -35.803917877999936, -57.42512745099998 -35.803885830999945, -57.42511142799998 -35.803853784999944, -57.42507938099993 -35.80378969099996, -57.42504733499993 -35.80372559799997, -57.42503131099994 -35.80370957499997, -57.42499926399995 -35.80367752799998, -57.42499926399995 -35.80366150499998, -57.42496721799995 -35.80359741099994, -57.42495119399996 -35.80356536499994, -57.42491914799996 -35.80351729499995, -57.42488710099997 -35.80348524799996, -57.42487107799997 -35.80345320099997, -57.424839030999976 -35.80342115399998, -57.424806983999986 -35.80335706099993, -57.424790960999985 -35.80332501399994, -57.424774937999985 -35.80332501399994, -57.42474289099994 -35.80330899099994, -57.42474289099994 -35.80329296799994, -57.42472686799994 -35.803260920999946, -57.42471084399995 -35.803244897999946, -57.424694820999946 -35.80314875799996, -57.424662773999955 -35.80311671099997, -57.424662773999955 -35.80306864099998, -57.424630727999954 -35.803020570999934, -57.424630727999954 -35.803004546999944, -57.424630727999954 -35.80295647699995, -57.424598680999964 -35.80292443099995, -57.424598680999964 -35.80287636099996, -57.42458265699997 -35.80282829099997, -57.42456663399997 -35.80279624399998, -57.42456663399997 -35.80276419699993, -57.42456663399997 -35.80273215099993, -57.42453458699998 -35.80268408099994, -57.42453458699998 -35.80263601099995, -57.42451856399998 -35.80258793999997, -57.42451856399998 -35.802571916999966, -57.42450254099998 -35.802523846999975, -57.42450254099998 -35.802491799999984, -57.424486516999934 -35.802443729999936, -57.424486516999934 -35.802427706999936, -57.424486516999934 -35.802411683999935, -57.424470493999934 -35.80233156699995, -57.42445447099993 -35.80229951999996, -57.42443844699994 -35.80223542699997, -57.42443844699994 -35.80220337999998, -57.42442242399994 -35.80215530999993, -57.42440640099994 -35.80210723999994, -57.42439037699995 -35.80209121699994, -57.42437435399995 -35.80201109999996, -57.42434230699996 -35.80196302999997, -57.42432628399996 -35.801914959999976, -57.42431026099996 -35.80188291299993, -57.42429423699997 -35.80186688999993, -57.42427821399997 -35.80183484299994, -57.42424616699998 -35.801770749999946, -57.42423014399998 -35.801722679999955, -57.42421412099998 -35.801690632999964, -57.42419809699999 -35.801674609999964, -57.42418207399999 -35.801658585999974, -57.42413400399994 -35.80157846999998, -57.42413400399994 -35.801546422999934, -57.42410195699995 -35.80151437599994, -57.42406990999996 -35.80148232999994, -57.42406990999996 -35.80146630599995, -57.42406990999996 -35.80145028299995, -57.424037863999956 -35.80143425999995, -57.424037863999956 -35.80138618999996, -57.424021839999966 -35.80137016599997, -57.424005816999966 -35.80132209599998, -57.423989793999965 -35.80130607299998, -57.423957746999974 -35.80124197899994, -57.423925699999984 -35.80119390899995, -57.423925699999984 -35.80116186299995, -57.42390967699998 -35.80114583899996, -57.42389365399998 -35.801113792999956, -57.423877629999936 -35.801065722999965, -57.423877629999936 -35.801049698999975, -57.423845583999935 -35.801017652999974, -57.423845583999935 -35.80098560599998, -57.423829559999945 -35.80096958299998, -57.423829559999945 -35.800905488999945, -57.423813536999944 -35.800873441999954, -57.42379751399994 -35.80085741899995, -57.42379751399994 -35.80084139599995, -57.42379751399994 -35.80082537199996, -57.42378148999995 -35.80080934899996, -57.42376546699995 -35.80077730199997, -57.42376546699995 -35.80072923199998, -57.42373341999996 -35.80069718599998, -57.42373341999996 -35.80068116199993, -57.42373341999996 -35.80066513899993, -57.42370137299997 -35.80064911599993, -57.42370137299997 -35.80063309199994, -57.42370137299997 -35.80060104599994, -57.42370137299997 -35.80058502199995, -57.42368534999997 -35.80058502199995, -57.42366932699997 -35.80055297599995, -57.42366932699997 -35.80053695199996, -57.42363727999998 -35.80048888199997, -57.42363727999998 -35.80047285899997, -57.42362125699998 -35.80044081199998, -57.42362125699998 -35.800376718999985, -57.42360523299993 -35.80036069499994, -57.42358920999993 -35.80032864899994, -57.42357318699993 -35.800264554999956, -57.42357318699993 -35.800248531999955, -57.42357318699993 -35.800232508999954, -57.42355716299994 -35.800232508999954, -57.42355716299994 -35.800216484999964, -57.42355716299994 -35.800200461999964, -57.42354113999994 -35.80018443899996, -57.42352511699994 -35.80015239199997, -57.42352511699994 -35.80013636899997, -57.42349306999995 -35.80008829899998, -57.42349306999995 -35.80005625199993, -57.42349306999995 -35.80004022899993, -57.42347704699995 -35.80002420499994, -57.42347704699995 -35.80000818199994, -57.42347704699995 -35.79999215799995, -57.42346102299996 -35.79997613499995, -57.42346102299996 -35.79996011199995, -57.42344499999996 -35.79992806499996, -57.42341295299997 -35.79987999499997, -57.42339692999997 -35.79986397199997, -57.42339692999997 -35.79984794799998, -57.42338090699997 -35.79983192499998, -57.42336488299998 -35.79979987799993, -57.42336488299998 -35.79978385499993, -57.423348859999976 -35.79976783199993, -57.423348859999976 -35.79975180799994, -57.42328476599994 -35.79967169199995, -57.42325271999994 -35.799607597999966, -57.42323669599995 -35.799575550999975, -57.423220672999946 -35.799559527999975, -57.423220672999946 -35.799543504999974, -57.423204649999946 -35.799543504999974, -57.423204649999946 -35.799527480999984, -57.423172602999955 -35.799463387999936, -57.423156579999954 -35.799415317999944, -57.423140555999964 -35.799415317999944, -57.423140555999964 -35.799399294999944, -57.423140555999964 -35.799383270999954, -57.423124532999964 -35.79935122499995, -57.423124532999964 -35.79933520099996, -57.423124532999964 -35.79931917799996, -57.42310850999996 -35.79931917799996, -57.42306043999997 -35.79920701499998, -57.42306043999997 -35.79919099099993, -57.42302839299998 -35.79911087399995, -57.422996345999934 -35.79907882799995, -57.422996345999934 -35.79906280399996, -57.422996345999934 -35.79904678099996, -57.42298032299993 -35.79901473399997, -57.42298032299993 -35.79899871099997, -57.42298032299993 -35.79898268799997, -57.42296429999993 -35.798934617999976, -57.42294827599994 -35.79890257099993, -57.42294827599994 -35.79887052399994, -57.42293225299994 -35.79887052399994, -57.42291622999994 -35.798758360999955, -57.42290020599995 -35.798742337999954, -57.42288418299995 -35.79871029099996, -57.42288418299995 -35.79866222099997, -57.42286815899996 -35.79861415099998, -57.42285213599996 -35.79853403399994, -57.42285213599996 -35.79850198699995, -57.42285213599996 -35.79848596399995, -57.42283611299996 -35.79846994099995, -57.42282008899997 -35.79838982399997, -57.42280406599997 -35.79834175399998, -57.42277201899998 -35.79826163699994, -57.42277201899998 -35.79824561399994, -57.42275599599998 -35.79822958999995, -57.422747984999944 -35.79822958999995, -57.42275599599998 -35.79821356699995, -57.42275599599998 -35.79819754399995, -57.42275599599998 -35.79818151999996, -57.42275599599998 -35.79816549699996, -57.42273997299998 -35.798117426999966, -57.42272394899999 -35.798101403999965, -57.42270792599999 -35.798085379999975, -57.42270792599999 -35.798069356999974, -57.422691902999986 -35.79802128699998, -57.42265985599994 -35.797973216999935, -57.42264383299994 -35.797941169999945, -57.42264383299994 -35.797925146999944, -57.42262780899995 -35.79789309999995, -57.42261178599995 -35.79787707699995, -57.42261178599995 -35.79786105299996, -57.42261178599995 -35.79784502999996, -57.42257973899996 -35.79781298299997, -57.42257973899996 -35.79778093699997, -57.42256371599996 -35.79774888999998, -57.422547692999956 -35.79768479699993, -57.422515645999965 -35.79765274999994, -57.422467575999974 -35.79750853999997, -57.42243552899998 -35.797460469999976, -57.422387458999935 -35.797300235999955, -57.422355411999945 -35.79722011999996, -57.422307341999954 -35.79714000299998, -57.42227529599995 -35.79704386299994, -57.42225927199996 -35.79697976899996, -57.42224324899996 -35.79693169899997, -57.42222722599996 -35.79689965299997, -57.42222722599996 -35.79688362899998, -57.42221120199997 -35.79681953599993, -57.42219517899997 -35.79678748899994, -57.42217915599997 -35.79675544299994, -57.42214710899998 -35.79670737299995, -57.42214710899998 -35.796675325999956, -57.42211506199993 -35.796627255999965, -57.42209903899993 -35.796563161999984, -57.42208301599993 -35.796563161999984, -57.42206699199994 -35.796515091999936, -57.42205096899994 -35.796483045999935, -57.42201892199995 -35.796418951999954, -57.42200289899995 -35.79638690599995, -57.42197085199996 -35.79632281199997, -57.42195482899996 -35.79629076599997, -57.42195482899996 -35.79627474199998, -57.42193880499997 -35.79625871899998, -57.42193880499997 -35.79624269599998, -57.42192278199997 -35.79622667199993, -57.42192278199997 -35.79621064899993, -57.42190675899997 -35.79617860199994, -57.42189073499998 -35.79616257899994, -57.42189073499998 -35.79613053199995, -57.421874711999976 -35.79611450899995, -57.421842664999986 -35.79606643899996, -57.421826641999985 -35.79601836899997, -57.42179459499994 -35.795938251999985, -57.42177857199994 -35.795938251999985, -57.42177857199994 -35.79590620499994, -57.42177857199994 -35.79589018199994, -57.421762548999936 -35.795874158999936, -57.421746524999946 -35.795826088999945, -57.421730501999946 -35.795826088999945, -57.421730501999946 -35.795794041999955, -57.421730501999946 -35.795778018999954, -57.421698454999955 -35.79572994899996, -57.421698454999955 -35.79571392499997, -57.421682431999955 -35.79568187799998, -57.421666408999954 -35.79564983199998, -57.421666408999954 -35.795633807999934, -57.421650384999964 -35.79561778499993, -57.421650384999964 -35.79560176199993, -57.421650384999964 -35.79558573799994, -57.42163436199996 -35.79558573799994, -57.42163436199996 -35.79556971499994, -57.42161833899996 -35.79553766799995, -57.42160231499997 -35.79552164499995, -57.42160231499997 -35.79550562199995, -57.42158629199997 -35.79547357499996, -57.42158629199997 -35.79545755199996, -57.42158629199997 -35.79544152799997, -57.42158629199997 -35.79542550499997, -57.42155424499998 -35.79539345799998, -57.421522197999934 -35.79534538799993, -57.421506174999934 -35.79532936499993, -57.42149015199993 -35.79529731799994, -57.42147412799994 -35.79526527099995, -57.42145810499994 -35.79524924799995, -57.42145810499994 -35.79521720099996, -57.42144208199994 -35.79520117799996, -57.42142605799995 -35.795185154999956, -57.42142605799995 -35.795169130999966, -57.42142605799995 -35.795153107999965, -57.42141003499995 -35.795137084999965, -57.42141003499995 -35.795121060999975, -57.42141003499995 -35.795105037999974, -57.42139401199995 -35.795072990999984, -57.42137798799996 -35.79505696799998, -57.42137798799996 -35.795024920999936, -57.42136196499996 -35.795024920999936, -57.42136196499996 -35.795008897999935, -57.42132991799997 -35.794960827999944, -57.42132991799997 -35.79494480499994, -57.42131389499997 -35.79492878099995, -57.42131389499997 -35.79491275799995, -57.42131389499997 -35.79489673499995, -57.42128184799998 -35.79484866499996, -57.42128184799998 -35.79483264099997, -57.42124980199998 -35.79480059399998, -57.42124980199998 -35.79478457099998, -57.42123377799999 -35.79476854799998, -57.42123377799999 -35.79475252399993, -57.42123377799999 -35.79473650099993, -57.42121775499999 -35.79473650099993, -57.42121775499999 -35.79472047799993, -57.421201731999986 -35.79470445399994, -57.421201731999986 -35.79468843099994, -57.421201731999986 -35.79467240799994, -57.42116968499994 -35.79464036099995, -57.42116968499994 -35.79460831399996, -57.42115366099995 -35.79460831399996, -57.42115366099995 -35.79459229099996, -57.42113763799995 -35.79454422099997, -57.42110559099996 -35.794496150999976, -57.42110559099996 -35.79446410399993, -57.42110559099996 -35.794432057999984, -57.421073544999956 -35.79440001099994, -57.421025474999965 -35.79425580099996, -57.421009450999975 -35.79423977699997, -57.421009450999975 -35.79420773099997, -57.420961380999984 -35.79411159099993, -57.42094535799998 -35.79407954399994, -57.420913310999936 -35.79396737999997, -57.420913310999936 -35.79391930999998, -57.420913310999936 -35.79390328699998, -57.420881264999935 -35.79385521699993, -57.420865240999944 -35.79379112399994, -57.42081717099995 -35.793662936999965, -57.42078512499995 -35.793614866999974, -57.42078512499995 -35.793534749999935, -57.42075307799996 -35.79340656299996, -57.42073705499996 -35.79340656299996, -57.42072103099997 -35.79335849299997, -57.42072103099997 -35.79331042299998, -57.42070500799997 -35.79329439999998, -57.42070500799997 -35.79326235299993, -57.42068898399998 -35.79319825999994, -57.42067296099998 -35.79318223699994, -57.42067296099998 -35.79316621299995, -57.42065693799998 -35.79315018999995, -57.42065693799998 -35.79305404999997, -57.42064091399993 -35.79303802599998, -57.42062489099993 -35.79298995599993, -57.42059284399994 -35.792877792999946, -57.42059284399994 -35.792861769999945, -57.42056079799994 -35.79278165299996, -57.42056079799994 -35.79276562999996, -57.42052875099995 -35.79270153599998, -57.42052875099995 -35.792669488999934, -57.42052875099995 -35.79263744299993, -57.42051272799995 -35.79262141899994, -57.42046465799996 -35.79249323299996, -57.42046465799996 -35.79246118599997, -57.42043261099997 -35.79241311599998, -57.420416587999966 -35.79233299899994, -57.419423139999935 -35.78973721699998, -57.41941961699996 -35.78973167999993, -57.419375069999944 -35.78961626399996, -57.419363946999965 -35.789587445999985, -57.41923618599998 -35.78925642899998, -57.41879951699997 -35.78812505899998, -57.41878312199998 -35.78808257899993, -57.41861061099996 -35.78766617399998, -57.41857390299998 -35.78760276999998, -57.41854517499996 -35.78755314899996, -57.41852732899997 -35.78745797099998, -57.418420253999955 -35.787368740999966, -57.41839645899995 -35.78734494599996, -57.41841430499994 -35.787303305999956, -57.41843019399994 -35.787296083999934, -57.41837861299996 -35.78725571699994, -57.41824774299994 -35.78702371899993, -57.41819420499996 -35.78689879799998, -57.41811092399996 -35.786726286999965, -57.418081180999934 -35.78650618599994, -57.418051436999974 -35.78634557299995, -57.418003847999955 -35.786179010999945, -57.41794436199996 -35.786048139999934, -57.417861079999966 -35.78589942399998, -57.41774805599994 -35.78553060699994, -57.41768856899995 -35.78536999399995, -57.41762313399994 -35.785185585999955, -57.41751605899998 -35.785090406999984, -57.417444674999956 -35.78506661299997, -57.41731975299996 -35.785024971999974, -57.41721267699995 -35.78495953699996, -57.417171036999946 -35.78488815299994, -57.417075857999976 -35.78479297499996, -57.41696878299996 -35.78470969299997, -57.416897398999936 -35.784626411999966, -57.416849808999984 -35.78451933699995, -57.41679032299999 -35.78438846599994, -57.41675463099995 -35.784257595999975, -57.416724887999976 -35.784144570999956, -57.416689195999936 -35.78404344399996, -57.41662376099998 -35.78386498499998, -57.416510735999964 -35.78379954999997, -57.41642150699994 -35.78386498499998, -57.41634417399996 -35.783918522999954, -57.41626089299996 -35.78400775199998, -57.41617166299994 -35.78411482799993, -57.41605268999996 -35.784210006999956, -57.41594561399995 -35.78425164699996, -57.41574930899998 -35.78434682599993, -57.41564223299997 -35.78439441499995, -57.415374543999974 -35.78457882299995, -57.415035469999964 -35.78477512899997, -57.41473803799994 -35.78498333099998, -57.414571475999935 -35.78512609899997, -57.41443465699996 -35.785328352999954, -57.41431568399997 -35.78545327499995, -57.41427404299998 -35.78561388899993, -57.41426214599994 -35.78579234799997, -57.41440491299994 -35.78600055099997, -57.414571475999935 -35.786214702999985, -57.41464880799998 -35.78636341899994, -57.414684499999964 -35.786500237999974, -57.414684499999964 -35.786595415999955, -57.414636910999945 -35.78668464599997, -57.41451793799996 -35.78671438899994, -57.41444655399994 -35.786726286999965, -57.41435732399998 -35.78676197899995, -57.41427404299998 -35.78680956799997, -57.41423835099994 -35.786869053999965, -57.41418481299996 -35.786946386999944, -57.41416938699996 -35.78700809299994, -57.41418350599997 -35.787029271999984, -57.41418350599997 -35.787077341999975, -57.41418350599997 -35.787109388999966, -57.41418350599997 -35.78717348199996, -57.41418350599997 -35.78722155199995, -57.41418350599997 -35.78725359899994, -57.41418350599997 -35.78733371499993, -57.41418350599997 -35.78741383199997, -57.41423157599996 -35.78754201899994, -57.414247598999964 -35.787590088999934, -57.414279645999954 -35.78762213599998, -57.414279645999954 -35.78768622899997, -57.414311692999945 -35.787750321999965, -57.41437578599994 -35.78784646199995, -57.414423855999985 -35.78791055599993, -57.41451999599997 -35.78805476599996, -57.41455204299996 -35.78811885899995, -57.41463215999994 -35.78823102299998, -57.41466420599994 -35.78824704599998, -57.41472829999998 -35.788359208999964, -57.41476034699997 -35.788407279999944, -57.41482443999996 -35.78848739599994)))",Esri-World_Imagery 2010
areas_de_actividad_agropecuaria_AL270.1305,1305,2,Establecimiento Agropecuario,,,,IGN,-1,"MULTIPOLYGON (((-57.43333333399994 -35.833333333999974, -57.43444546799998 -35.833333333999974, -57.43374086499995 -35.830593861999944, -57.433661477999976 -35.83030718599997, -57.43390862799998 -35.83005702199995, -57.43414349599993 -35.82973268099994, -57.43407639099996 -35.829229392999935, -57.43379678599996 -35.828681367999934, -57.433617838999965 -35.828155711999955, -57.43357310299996 -35.82782018699993, -57.433483628999966 -35.827439924999965, -57.43343121299995 -35.82722277199997, -57.43322729699997 -35.827046981999956, -57.433019711999975 -35.82671089199994, -57.432851666999966 -35.82633526199993, -57.43271327699995 -35.82601894199996, -57.43262431199997 -35.82576193199998, -57.43238707199998 -35.82525779699995, -57.432248681999965 -35.825000786999965, -57.43202132699997 -35.82475366199998, -57.431843396999966 -35.824595501999966, -57.43169512199995 -35.82445711199995, -57.43138868699998 -35.82420010199996, -57.43116133199993 -35.824101251999934, -57.43095374699993 -35.824229756999955, -57.430765931999986 -35.824466996999945, -57.43051880699994 -35.824595501999966, -57.43028156699995 -35.82475366199998, -57.430301336999946 -35.825277566999944, -57.43045949699996 -35.825712506999935, -57.43061765699997 -35.82599917199997, -57.430746161999934 -35.82628583699994, -57.43089443699995 -35.82671089199994, -57.43101305699997 -35.827046981999956, -57.431151446999934 -35.82780812699997, -57.43129972199995 -35.828262837999944, -57.431408456999975 -35.82866812299994, -57.431477651999955 -35.82883616799995, -57.43159627199998 -35.82917225799997, -57.431685236999954 -35.82947869299994, -57.43173466199994 -35.82968627799994, -57.43187305199996 -35.830309032999935, -57.43197190199999 -35.83074397299998, -57.43211029199995 -35.83122833799996, -57.43226845199996 -35.83170281799994, -57.43239695699998 -35.83190051799994, -57.43254523199994 -35.83222672299996, -57.43275281699994 -35.832651777999956, -57.432891206999955 -35.83296809799998, -57.43304936699997 -35.83327453299995, -57.43308678599993 -35.833333333999974, -57.43333333399994 -35.833333333999974)))",Esri-World_Imagery 2010
areas_de_actividad_agropecuaria_AL270.1306,1306,2,Establecimiento Agropecuario,,,,IGN,-1,"MULTIPOLYGON (((-57.41190819099995 -35.78045969999994, -57.41194023799994 -35.780539816999976, -57.41195626099994 -35.78061993399996, -57.412441366999985 -35.78049833699998, -57.41317304599994 -35.78263029699997, -57.413463193999974 -35.78254199099996, -57.41375334199995 -35.782478914999956, -57.41385426399995 -35.78245368499995, -57.41398041499997 -35.78236537899994, -57.41398041499997 -35.78227707299993, -57.413967799999966 -35.782163535999985, -57.413866878999954 -35.78199953999996, -57.41376595799994 -35.78183554299994, -57.41374072699995 -35.78165893099998, -57.41374072699995 -35.78157062499997, -57.41374072699995 -35.781494933999966, -57.413728111999944 -35.781356166999956, -57.41519146899998 -35.780952482999965, -57.41124292899997 -35.77210926599997, -57.41062478699996 -35.770948672999964, -57.41052386499996 -35.77067113999993, -57.41020848699998 -35.770721599999945, -57.40989310799995 -35.77079729099995, -57.409527268999966 -35.77097390299997, -57.40936327199995 -35.77103697899997, -57.412252139999964 -35.778038383999956, -57.41218906399996 -35.77825284199997, -57.411949376999985 -35.77844206899994, -57.41178537999997 -35.77858083499996, -57.41168445899996 -35.77873221699997, -57.41142749099998 -35.778889411999955, -57.41142749099998 -35.77896952899994, -57.411395443999936 -35.77909771599997, -57.411347373999945 -35.77919385599995, -57.411347373999945 -35.77924192599994, -57.411347373999945 -35.77933806599998, -57.411363396999946 -35.77943420599996, -57.41141146699994 -35.779530345999945, -57.41141146699994 -35.779578415999936, -57.411475560999975 -35.779674555999975, -57.411523630999966 -35.77977069599996, -57.41157170099996 -35.77988285999993, -57.41158772399996 -35.77991490599993, -57.41160374699996 -35.77996297599998, -57.41163579399995 -35.78004309299996, -57.41174795799998 -35.78009116299995, -57.41178000399998 -35.78012320999994, -57.41184409799996 -35.78020332699998, -57.41187614399996 -35.78026741999997, -57.41187614399996 -35.780363559999955, -57.41187614399996 -35.780379582999956, -57.41190819099995 -35.78045969999994)))",Esri-World_Imagery 2010
areas_de_actividad_agropecuaria_AL270.1322,1322,2,Establecimiento Agropecuario,,,,IGN,-1,"MULTIPOLYGON (((-57.97504660399994 -35.05331296899993, -57.97473441899996 -35.05351093999997, -57.97452121899994 -35.05332058299996, -57.97411766299996 -35.05357185399998, -57.97430801999997 -35.05369368199996, -57.97241206499996 -35.05520892299995, -57.97451834499998 -35.05721107199997, -57.97646936999996 -35.05455686399995, -57.975754731999984 -35.05396018199997, -57.975252189999935 -35.053488096999956, -57.97504660399994 -35.05331296899993)))",Esri-World_Imagery 2010
areas_de_actividad_agropecuaria_AL270.1323,1323,2,Establecimiento Agropecuario,,,,IGN,-1,"MULTIPOLYGON (((-57.94509582099994 -35.00469593899993, -57.945880090999935 -35.00521751699995, -57.946691010999984 -35.00480253899997, -57.946778575999986 -35.00473781799997, -57.946862332999956 -35.004543653999974, -57.946755732999975 -35.004277153999965, -57.94576968399997 -35.00343958399998, -57.944829320999986 -35.003283014999965, -57.944475256999965 -35.003602814999965, -57.94447144999998 -35.00370988999998, -57.94452474999997 -35.00384694699994, -57.94470368599997 -35.003923089999944, -57.94528998499993 -35.00434948999998, -57.94503109899995 -35.004543653999974, -57.94509582099994 -35.00469593899993)))",Esri-World_Imagery 2010
areas_de_actividad_agropecuaria_AL270.1307,1307,2,Establecimiento Agropecuario,,,,IGN,-1,"MULTIPOLYGON (((-57.38353999399993 -35.72012237599995, -57.38337343099994 -35.72021755399993, -57.38317117699995 -35.72020565699995, -57.38304030699999 -35.720146169999964, -57.38287374499998 -35.720146169999964, -57.38263579899996 -35.720241348999934, -57.38262390099993 -35.720360321999976, -57.38284994999998 -35.72062206299995, -57.38298081999994 -35.72086000899998, -57.38317117699995 -35.72113364699993, -57.38334963699998 -35.72140728499994, -57.383528095999964 -35.72165712799995, -57.38371845299997 -35.72193076599996, -57.38396829699997 -35.72231147999997, -57.38413485899997 -35.722549425999944, -57.38428952399994 -35.72275167999993, -57.38440849699998 -35.72297772899998, -57.384527469999966 -35.723191880999934, -57.38465833999999 -35.72334654599996, -57.38488438899998 -35.72385812999994, -57.38492008099996 -35.72391761599994, -57.38500336199996 -35.72406038399998, -57.385134232999974 -35.72426263799997, -57.385598227999935 -35.72500027099994, -57.385788583999954 -35.72533339499995, -57.385919454999964 -35.72551185499998, -57.38609791399995 -35.72579738999997, -57.38625257899997 -35.72608292599995, -57.386431038999945 -35.72639225599994, -57.386561908999965 -35.72672537999995, -57.38666898499997 -35.72693953199996, -57.386799854999936 -35.72715368299998, -57.386930725999946 -35.72736783499994, -57.38722815799997 -35.72801028899994, -57.38738282299994 -35.72831961899993, -57.38751369399995 -35.728581359999964, -57.38778733199996 -35.72905725199996, -57.38798958599995 -35.729354684999976, -57.38810855899993 -35.72969970599996, -57.38821563499994 -35.72998524199994, -57.38853686199997 -35.730603901999984, -57.388679629999956 -35.730937025999935, -57.38881049999998 -35.731163074999984, -57.38890567799996 -35.73119876699997, -57.38898895899996 -35.731127382999944, -57.38913172699995 -35.73094892299997, -57.38921500799995 -35.73085374499993, -57.38932208399996 -35.73067528499996, -57.389333980999936 -35.730568209999944, -57.389333980999936 -35.73025887999995, -57.389333980999936 -35.73008041999998, -57.389381569999955 -35.72996144699994, -57.38945295399998 -35.72979488499993, -57.389512440999965 -35.729687808999984, -57.38959572199997 -35.72956883599994, -57.389643310999986 -35.729461759999936, -57.38973848999996 -35.729271402999984, -57.389797975999954 -35.72903345699996, -57.389797975999954 -35.72886689499995, -57.38973848999996 -35.728676537999945, -57.38966710599993 -35.72852187299998, -57.389500543999986 -35.72834341399994, -57.38929828899995 -35.72827202999997, -57.38917931599997 -35.72823633799993, -57.38897706199998 -35.72823633799993, -57.38877480799994 -35.728260132999935, -57.388596347999965 -35.728212542999984, -57.38847737499998 -35.72818874899997, -57.38833460799998 -35.728117364999946, -57.38815614799995 -35.72797459699996, -57.388084763999984 -35.727843726999936, -57.38797768899997 -35.72762957499998, -57.387858714999936 -35.72748680799998, -57.38770404999997 -35.72726075899993, -57.38754938599993 -35.72712988899997, -57.38744230999998 -35.72701091499994, -57.38724005599994 -35.726832455999954, -57.38713297999993 -35.726689687999965, -57.386990211999944 -35.72651122899998, -57.38687123899996 -35.72634466599993, -57.38676416299995 -35.726190000999964, -57.38668088199995 -35.72605913099994, -57.386561908999965 -35.72591636299995, -57.386466730999985 -35.72579738999997, -57.38635965499998 -35.72564272499994, -57.38625257899997 -35.72545236899998, -57.386157400999934 -35.72526201199997, -57.38607411999993 -35.72513114099996, -57.38603842799995 -35.72495268199998, -57.386014632999945 -35.72476232499997, -57.38599083899999 -35.72453627599998, -57.38596704399998 -35.72431022699993, -57.38590755699994 -35.72409607599997, -57.38582427599994 -35.72391761599994, -57.38576478999994 -35.72372725899993, -57.385645816999954 -35.72347741599998, -57.38557443299993 -35.723310853999976, -57.385491151999986 -35.72314429099998, -57.38539597299996 -35.72298962599996, -57.38520561599995 -35.722906344999956, -57.38507474599999 -35.72285875599994, -57.38493197799994 -35.722775474999935, -57.38482490299998 -35.722632706999946, -57.38472972399995 -35.722489939999946, -57.384682134999935 -35.722359068999936, -57.38459885399993 -35.72219250699993, -57.384539366999945 -35.72207353399995, -57.38449177799998 -35.72188317699994, -57.384444188999964 -35.721716614999934, -57.38440849699998 -35.72159764199995, -57.38450367499996 -35.72149056599994, -57.38482490299998 -35.721431078999956, -57.38511043799997 -35.72122882499997, -57.385181821999936 -35.721074159999944, -57.385241307999934 -35.72087190599996, -57.385229410999955 -35.72066965199997, -57.38511043799997 -35.72039601399996, -57.384955772999945 -35.72025324599997, -57.384813004999955 -35.72019375999997, -57.38464644299995 -35.72015806799993, -57.38445608599994 -35.72016996499997, -57.38431331899994 -35.72028893799995, -57.384122961999935 -35.720372218999955, -57.38409916699993 -35.720277040999974, -57.38399209099998 -35.72018186199995, -57.38399209099998 -35.72007478699993, -57.38382552899998 -35.72002719699998, -57.383658966999974 -35.72002719699998, -57.38353999399993 -35.72012237599995)))",Esri-World_Imagery 2010
areas_de_actividad_agropecuaria_AL270.1308,1308,2,Establecimiento Agropecuario,,,,IGN,-1,"MULTIPOLYGON (((-58.275331637999955 -35.15454169399993, -58.27579670999995 -35.15607953899996, -58.27856878199998 -35.155460878999975, -58.27767648399998 -35.15314685299995, -58.27513046099995 -35.15381310199996, -58.275331637999955 -35.15454169399993)))",Imagery Esri 2001-2002-2006-2010
areas_de_actividad_agropecuaria_AL270.1309,1309,2,Establecimiento Agropecuario,,,,IGN,-1,"MULTIPOLYGON (((-58.39775948699997 -35.050109980999935, -58.39693475699994 -35.04932402299994, -58.39643031099996 -35.04976184299994, -58.39666825699999 -35.050114003999965, -58.39630657899994 -35.05039002099994, -58.396753917999945 -35.050761216999945, -58.39662066799997 -35.050903984999934, -58.39604007899993 -35.05038050299993, -58.394840830999954 -35.04934305799998, -58.395497561999946 -35.04855307699995, -58.395687918999954 -35.048581630999934, -58.396030560999975 -35.04859114899995, -58.39693475699994 -35.04932402299994, -58.39703772499996 -35.049246764999964, -58.39574352599993 -35.048078584999985, -58.39469656299997 -35.049273073999984, -58.39671434599995 -35.05110168999994, -58.39697384799996 -35.05091969199998, -58.396848294999984 -35.05081290099997, -58.39775948699997 -35.050109980999935)))",Imagery Esri 2001-2002-2006-2010
areas_de_actividad_agropecuaria_AL270.1310,1310,2,Establecimiento Agropecuario,,,,IGN,-1,"MULTIPOLYGON (((-58.447958417999985 -35.014698315999965, -58.44634633299995 -35.01595943099994, -58.448809074999986 -35.01818422699995, -58.45043305699994 -35.01692311199997, -58.447958417999985 -35.014698315999965), (-58.44776806099998 -35.01614383899994, -58.447619344999964 -35.01616763399994, -58.447506319999945 -35.016125992999946, -58.446917403999976 -35.01560251199993, -58.447072068999944 -35.01543000099997, -58.44786323899996 -35.01480539199997, -58.44799410999997 -35.01487082699998, -58.448053595999966 -35.01501954399998, -58.44801195599996 -35.015192053999954, -58.44781564999994 -35.01531102799993, -58.44780375299996 -35.01537646299994, -58.447922725999945 -35.01550138399995, -58.44809523699996 -35.01572148499997, -58.448065493999934 -35.01586425199997, -58.44776806099998 -35.01614383899994)))",Imagery Esri 2001-2002-2006-2010
areas_de_actividad_agropecuaria_AL270.1311,1311,2,Establecimiento Agropecuario,,,,IGN,-1,"MULTIPOLYGON (((-57.63040569399993 -35.398161724999966, -57.63138127299993 -35.39897074199996, -57.63202372799998 -35.398447259999955, -57.63109573799994 -35.39763824399995, -57.63040569399993 -35.398161724999966)))",Imagery Esri 2001-2002-2003-2010
areas_de_actividad_agropecuaria_AL270.1312,1312,2,Establecimiento Agropecuario,,,,IGN,-1,"MULTIPOLYGON (((-58.314262665999934 -35.44180327399994, -58.31282574699998 -35.44236156699998, -58.31256948099997 -35.44215106299998, -58.31181898899996 -35.44264528999997, -58.31234067299994 -35.443112059999976, -58.31277998499996 -35.44373441899995, -58.31381420099996 -35.44564725999993, -58.31234067299994 -35.44670893199998, -58.31287150899993 -35.44724892099998, -58.31504061499999 -35.44591267799996, -58.316038220999985 -35.44655334199996, -58.31655990499996 -35.44623300999996, -58.316978207999966 -35.44601186999995, -58.31616592399996 -35.444820403999984, -58.31519480299994 -35.44339381499998, -58.31666057999996 -35.44261783299993, -58.31575134199994 -35.44112461299994, -58.314262665999934 -35.44180327399994)))",Esri-World_Imagery 2010
areas_de_actividad_agropecuaria_AL270.1313,1313,2,Establecimiento Agropecuario,,,,IGN,-1,"MULTIPOLYGON (((-57.991426718999946 -35.574903450999955, -57.99273130399996 -35.575069955999936, -57.99304896499996 -35.57419693299994, -57.99309683499996 -35.573654406999935, -57.99307855799998 -35.573562065999965, -57.99305381099998 -35.57347124499995, -57.99302271499994 -35.57338239699993, -57.99298542699995 -35.57329596599993, -57.992942132999985 -35.57321238099996, -57.992893047999985 -35.57313205899993, -57.992838415999984 -35.573055401999966, -57.99277851099998 -35.57298279199995, -57.99271363199995 -35.57291458999998, -57.99264410099994 -35.57285113699993, -57.99257026499998 -35.57279274899997, -57.991134167999974 -35.57188321999996, -57.991076514999975 -35.571859065999945, -57.99102063399994 -35.57183105399997, -57.990966783999966 -35.571799313999975, -57.98940755299998 -35.57165125999995, -57.98943585899997 -35.57149183599995, -57.98956285699995 -35.57077656699994, -57.985057961999985 -35.57032358999993, -57.984855868999944 -35.571453421999934, -57.98481038699998 -35.571707696999965, -57.98467026999998 -35.57249104099998, -57.984399193999934 -35.57400652899997, -57.98554105499994 -35.57415226399996, -57.98664416299994 -35.57429305399995, -57.987712199999976 -35.57442936699994, -57.98838117699995 -35.574514748999945, -57.98888765299995 -35.57457939099993, -57.99020425699996 -35.574747428999956, -57.991426718999946 -35.574903450999955)))",Esri-World_Imagery 2010
areas_de_actividad_agropecuaria_AL270.1314,1314,2,Establecimiento Agropecuario,,,,IGN,-1,"MULTIPOLYGON (((-57.995907375999934 -35.577357639999946, -57.99843269699994 -35.57773654999994, -57.99858057899996 -35.576927532999946, -57.99877903699996 -35.57584182699998, -57.99856851299995 -35.575814958999956, -57.998545827999976 -35.57582863099998, -57.99690472299994 -35.57676279799995, -57.995907375999934 -35.577357639999946)))",Esri-World_Imagery 2010
areas_de_actividad_agropecuaria_AL270.1315,1315,2,Establecimiento Agropecuario,,,,IGN,-1,"MULTIPOLYGON (((-57.97633086299999 -35.59286585199993, -57.97830579699996 -35.59431034299996, -57.97840553599997 -35.59409576499996, -57.978531792999945 -35.59382413599997, -57.97866549699995 -35.59368773999995, -57.97880414699995 -35.593556374999935, -57.978947554999934 -35.59343022099995, -57.979095524999934 -35.593309449999936, -57.97924785399994 -35.59319422599998, -57.97940433499997 -35.593084706999946, -57.979564753999966 -35.59298104299995, -57.97962963799995 -35.59292568699993, -57.97969136099994 -35.59286682599998, -57.97974973399994 -35.592804642999965, -57.97980457899996 -35.59273932599996, -57.97985572699997 -35.59267107599993, -57.97986113799993 -35.592640194999944, -57.97987149599999 -35.59261060499995, -57.97988652699996 -35.592583091999984, -57.97990582999995 -35.59255838799993, -57.979928892999965 -35.59253715099993, -57.97993688199995 -35.59249848199994, -57.97993876299995 -35.59245904199997, -57.979934491999984 -35.59241978899996, -57.97992417199998 -35.592381675999945, -57.979908052999974 -35.592345630999944, -57.97988652799995 -35.59231252799998, -57.979860119999955 -35.59228317399993, -57.97982946999997 -35.59225828099994, -57.97969252599995 -35.59215540599996, -57.97955148999995 -35.59205821599994, -57.97940659899996 -35.59196687399998, -57.97925809499998 -35.591881531999945, -57.97910622499995 -35.59180233199993, -57.97895124499996 -35.591729407999935, -57.97879341199996 -35.591662880999934, -57.97863299199997 -35.591602862999935, -57.97850302499995 -35.59155961899995, -57.978371713999934 -35.59152064699998, -57.97823919899997 -35.59148598999997, -57.97810562099994 -35.59145568399998, -57.97694873699999 -35.59118936599998, -57.976897174999976 -35.59134775499996, -57.97673537099996 -35.591571424999984, -57.97654977299993 -35.59176654099997, -57.976478389999954 -35.59203303999993, -57.97633086299999 -35.59286585199993)))",Esri-World_Imagery 2010
areas_de_actividad_agropecuaria_AL270.1316,1316,2,Establecimiento Agropecuario,,,,IGN,-1,"MULTIPOLYGON (((-57.98967936599996 -35.545085996999944, -57.99305015899995 -35.54601874599996, -57.99325955099994 -35.54491467599996, -57.991489231999935 -35.54312796199997, -57.98982069599998 -35.544310252999935, -57.98967936599996 -35.545085996999944)))",Esri-World_Imagery 2010
areas_de_actividad_agropecuaria_AL270.1317,1317,2,Establecimiento Agropecuario,,,,IGN,-1,"MULTIPOLYGON (((-57.98052722099993 -35.58092060799993, -57.98088246599997 -35.580968343999984, -57.98120335599998 -35.57935309299995, -57.979887513999984 -35.57915321799993, -57.97953525599996 -35.58078731299997, -57.98052722099993 -35.58092060799993)))",Esri-World_Imagery 2010
areas_de_actividad_agropecuaria_AL270.1318,1318,2,Establecimiento Agropecuario,,,,IGN,-1,"MULTIPOLYGON (((-57.98416319499995 -35.55021659299996, -57.98762397499996 -35.55053781999993, -57.98787415199996 -35.54936402499993, -57.984818589999975 -35.54903495399998, -57.984421564999934 -35.54899117299993, -57.98438948699999 -35.549076527999944, -57.98435936799996 -35.54916259399994, -57.98420350799995 -35.549999999999955, -57.98416319499995 -35.55021659299996)))",Esri-World_Imagery 2010
areas_de_actividad_agropecuaria_AL270.1319,1319,2,Establecimiento Agropecuario,,,,IGN,-1,"MULTIPOLYGON (((-59.10694238099995 -35.14633846899994, -59.10687099699999 -35.14781373499994, -59.108500927999955 -35.14778993999994, -59.108512824999934 -35.147242663999975, -59.10888164199997 -35.147242663999975, -59.108869743999946 -35.14635036599998, -59.10694238099995 -35.14633846899994)))",Esri-word_Imagery_2010
areas_de_actividad_agropecuaria_AL270.1320,1320,2,Establecimiento Agropecuario,,,,IGN,-1,"MULTIPOLYGON (((-57.54132370999997 -35.06797265499995, -57.54138319599997 -35.068400957999984, -57.54152596399996 -35.06879356899998, -57.54174011499998 -35.06929325599998, -57.54189143499997 -35.06978923999998, -57.54372361999998 -35.06834252799996, -57.54391397699993 -35.06827590299997, -57.54415192299996 -35.06814265299994, -57.545084670999984 -35.06806650999994, -57.54592224199996 -35.06806650999994, -57.54695968699997 -35.06810458199993, -57.547844845999975 -35.06821879599994, -57.54936770099994 -35.06853288499997, -57.55108159099996 -35.06901670999997, -57.55139443799993 -35.06848486999996, -57.55142146999998 -35.06830465799993, -57.54790967399998 -35.065075365999974, -57.547636746999956 -35.065268411999966, -57.54596555699993 -35.06666106999995, -57.54555439099994 -35.066913074999945, -57.54534217699995 -35.06700591899994, -57.54493101099996 -35.06711202599996, -57.54386993799994 -35.067337503999966, -57.542207417999975 -35.06762663799998, -57.541292613999985 -35.06778573399998, -57.54132370999997 -35.06797265499995)))",Esri-World_Imagery 2010
areas_de_actividad_agropecuaria_AL270.1324,1324,2,Establecimiento Agropecuario,,,,IGN,-1,"MULTIPOLYGON (((-57.97380061299998 -35.00200657899995, -57.973526498999945 -35.00206749399996, -57.97337040599996 -35.00195708699994, -57.97311913499993 -35.00179337999998, -57.972921163999956 -35.00176672999993, -57.97277649299997 -35.001839064999956, -57.97274603599993 -35.00191140099997, -57.972768877999954 -35.002040843999964, -57.97286024999994 -35.002116985999976, -57.97297446399995 -35.00221977899997, -57.973122941999975 -35.002349221999964, -57.97330187799997 -35.00252815699997, -57.97349984899995 -35.002680442999974, -57.973697819999984 -35.002809885999966, -57.97397954799993 -35.00290506399995, -57.97427650499998 -35.00295836399994, -57.974451632999944 -35.00299643499994, -57.97470290399997 -35.00295836399994, -57.974881839999966 -35.00283272799993, -57.97498463299996 -35.00269567099997, -57.975144531999945 -35.00260429999997, -57.97523971099997 -35.002509121999935, -57.97527778199998 -35.00235302899995, -57.97527778199998 -35.00224262199998, -57.97534250399997 -35.00213982899993, -57.975433874999965 -35.00205607199996, -57.97547194599997 -35.00194566499994, -57.97543768199995 -35.001850486999956, -57.97531585399997 -35.001762922999944, -57.975209253999935 -35.00170200799994, -57.97501508999994 -35.001667743999974, -57.97486661099998 -35.00161825099997, -57.97472574699998 -35.00160682999996, -57.97461914699994 -35.00159160099997, -57.974474475999955 -35.00153830199997, -57.97444194499997 -35.00151780699997, -57.97437168299996 -35.00153449399994, -57.97411660499995 -35.00170581599997, -57.97392624799994 -35.00184287299993, -57.97380061299998 -35.00200657899995)))",Esri-World_Imagery 2010
areas_de_actividad_agropecuaria_AL270.1325,1325,2,Establecimiento Agropecuario,,,,IGN,-1,"MULTIPOLYGON (((-58.20773398899996 -35.20830776299994, -58.21403004299998 -35.21487507499995, -58.21475432999995 -35.21428247699998, -58.211611594999965 -35.21113974199994, -58.21351516399994 -35.209959528999946, -58.21650206999993 -35.21285250799997, -58.21889841999996 -35.21089185799997, -58.214072872999964 -35.20548096299996, -58.21650166799998 -35.20322376799993, -58.21667166499998 -35.203065780999964, -58.21592547599994 -35.20240421899996, -58.212835809999945 -35.19966495799997, -58.207539329999975 -35.20812475799994, -58.20773398899996 -35.20830776299994)))",IGN
areas_de_actividad_agropecuaria_AL270.1326,1326,2,Establecimiento Agropecuario,,,,IGN,-1,"MULTIPOLYGON (((-57.55407274199996 -35.06265195399993, -57.55412193799998 -35.06279262099997, -57.554316374999985 -35.06276992399995, -57.55451130199998 -35.06275191299994, -57.55470660499998 -35.06273859899994, -57.55490217299996 -35.06272998899993, -57.55511816799998 -35.06272595399997, -57.555334193999954 -35.06272765799997, -57.55555009799997 -35.06273509899995, -57.55576572799998 -35.062748270999975, -57.555980932999944 -35.06276716699995, -57.556885045999934 -35.06288490299994, -57.55713068199998 -35.06291689099993, -57.557046077999985 -35.06277596599995, -57.55699892999996 -35.06269743099995, -57.55695782699996 -35.06262896599998, -57.55683835899998 -35.06252775199994, -57.55609902499998 -35.06190137799996, -57.55588985999998 -35.06172417099998, -57.55735388499994 -35.06054684999998, -57.55134336699996 -35.05532155399993, -57.54854691999998 -35.057555897999976, -57.54887551499996 -35.05782555199994, -57.549499725999965 -35.05833779699998, -57.549999999999955 -35.058786837999946, -57.55068469799994 -35.05940141599996, -57.552512123999975 -35.060921890999964, -57.553247376999934 -35.06162859099993, -57.553732786999944 -35.06213541699998, -57.55399639999996 -35.06250687099998, -57.55404687599997 -35.06257799599996, -57.55407274199996 -35.06265195399993)))",Esri-World_Imagery 2010
areas_de_actividad_agropecuaria_AL270.1327,1327,2,Establecimiento Agropecuario,,,,IGN,-1,"MULTIPOLYGON (((-57.95172420599994 -35.56520328399995, -57.95290716399995 -35.56618908199994, -57.95288192399994 -35.56627351399993, -57.95314765599994 -35.566172095999946, -57.95324045499996 -35.56627917199995, -57.954304073999936 -35.56536545899996, -57.95290495099994 -35.56428756299994, -57.95172420599994 -35.56520328399995)))",Esri-World_Imagery 2010
areas_de_actividad_agropecuaria_AL270.1328,1328,2,Establecimiento Agropecuario,,,,IGN,-1,"MULTIPOLYGON (((-57.531739121999976 -35.06565521999994, -57.532100398999944 -35.067020759999934, -57.53284308899998 -35.06688673199994, -57.53314412999998 -35.06820361399997, -57.53660598199997 -35.06759614199996, -57.53594629199995 -35.064963184999954, -57.53487960599995 -35.065112143999954, -57.53345906799996 -35.06536912599995, -57.531739121999976 -35.06565521999994)))",Esri-World_Imagery 2010
areas_de_actividad_agropecuaria_AL270.1329,1329,2,Establecimiento Agropecuario,,,,IGN,-1,"MULTIPOLYGON (((-57.53044639999996 -35.06706040299997, -57.53081759599996 -35.068666538999935, -57.53200256699995 -35.06843811099998, -57.531631370999946 -35.06683197499996, -57.53044639999996 -35.06706040299997)))",Esri-World_Imagery 2010
areas_de_actividad_agropecuaria_AL270.1330,1330,2,Establecimiento Agropecuario,,,,IGN,-1,"MULTIPOLYGON (((-57.56857643999996 -35.06560612199996, -57.57113168999996 -35.067802891999975, -57.57644553099993 -35.06588280699998, -57.581144489999986 -35.06998594999993, -57.583043299999986 -35.068636795999964, -57.585581254999965 -35.066651099999945, -57.587658820999934 -35.06518087899997, -57.59036316199996 -35.06318024799998, -57.59094500499998 -35.06274980999996, -57.59097389899995 -35.06268602599994, -57.59098103799994 -35.06262891899996, -57.59097362199998 -35.06257329799996, -57.59096676099995 -35.062521842999956, -57.59087396199993 -35.06244332099993, -57.58528822399995 -35.05757133599997, -57.57957428799995 -35.059424698999976, -57.57951718099997 -35.059615055999984, -57.579307788999984 -35.05984348399994, -57.578774789999954 -35.060243233999984, -57.57795625499995 -35.06054780499994, -57.57755650599995 -35.06064298299998, -57.577080612999964 -35.060681054999975, -57.57698543499998 -35.06083333999993, -57.576795077999975 -35.06102369699994, -57.576547613999935 -35.06115694699997, -57.57571004399995 -35.06130923199993, -57.57407297499998 -35.06161380299994, -57.571255692999955 -35.06220390999994, -57.57078931799998 -35.06233715899998, -57.57005644399993 -35.062584622999964, -57.56945681999997 -35.06277497999997, -57.56755110499995 -35.06329871299994, -57.56748012699995 -35.06424438099998, -57.567441164999934 -35.06434170899996, -57.56723540499996 -35.06449510999994, -57.56857643999996 -35.06560612199996)))",Esri-World_Imagery 2010
areas_de_actividad_agropecuaria_AL270.1331,1331,2,Establecimiento Agropecuario,,,,IGN,-1,"MULTIPOLYGON (((-57.74485782199997 -35.065686564999965, -57.74626297399993 -35.06706442899997, -57.74803771399996 -35.066795507999984, -57.74794554899995 -35.06633094699998, -57.74792542899996 -35.066229532999955, -57.74745869299994 -35.064280131999965, -57.74736670699997 -35.06389593899996, -57.74728642799994 -35.06393220199993, -57.74713176299997 -35.06403927799994, -57.74624903399996 -35.064668611999934, -57.74586767399995 -35.06494049899993, -57.745516703999954 -35.06520223999996, -57.74526510599998 -35.06538718199994, -57.74485782199997 -35.065686564999965)))",Esri-World_Imagery 2010
areas_de_actividad_agropecuaria_AL270.1332,1332,2,Establecimiento Agropecuario,,,,IGN,-1,"MULTIPOLYGON (((-57.721805366999945 -35.06822914199995, -57.72214550299998 -35.06853119099998, -57.725893489999976 -35.06562934999994, -57.72505591899994 -35.06492502899994, -57.72131448099998 -35.06779211399993, -57.721805366999945 -35.06822914199995)))",Esri-World_Imagery 2010
areas_de_actividad_agropecuaria_AL270.1333,1333,2,Establecimiento Agropecuario,,,,IGN,-1,"MULTIPOLYGON (((-59.066432790999954 -35.15686590099995, -59.06594890599996 -35.15767673399995, -59.06673358399996 -35.15797098799993, -59.066923213999985 -35.157611343999974, -59.066524335999986 -35.15744786899995, -59.06659626499999 -35.15728439499998, -59.06701475999995 -35.15742825299998, -59.067152077999935 -35.157120920999944, -59.066432790999954 -35.15686590099995)))",Esri-Word_Imagery_2010
areas_de_actividad_agropecuaria_AL270.1334,1334,2,Establecimiento Agropecuario,,,,IGN,-1,"MULTIPOLYGON (((-59.06623662099997 -35.15796444899996, -59.06575927599994 -35.158749125999975, -59.06653741399998 -35.15899760699995, -59.06668127199998 -35.15870989199993, -59.066354322999985 -35.158605267999974, -59.066478563999965 -35.15839602099993, -59.06683166799996 -35.15848756699995, -59.06696244799997 -35.158232546999955, -59.06623662099997 -35.15796444899996)))",Esri-Word_Imagery_2010
areas_de_actividad_agropecuaria_AL270.1335,1335,2,Establecimiento Agropecuario,,,,IGN,-1,"MULTIPOLYGON (((-59.06560263099993 -35.15706878699996, -59.065500946999975 -35.15708026699997, -59.06517730699994 -35.15693128999993, -59.064896130999955 -35.15750018099993, -59.06506287499997 -35.157539414999974, -59.065202898999985 -35.15764099499995, -59.06511191699997 -35.15785328599998, -59.064771890999964 -35.15767019499998, -59.06461495499997 -35.15797098799993, -59.06538001499996 -35.158278319999965, -59.06619738799998 -35.156767815999956, -59.065484638999976 -35.15651279599996, -59.06532116499994 -35.15676127699993, -59.065426801999934 -35.15679441799995, -59.06562864099993 -35.15696734399995, -59.06560263099993 -35.15706878699996)))",Esri-Word_Imagery_2010
areas_de_actividad_agropecuaria_AL270.1336,1336,2,Establecimiento Agropecuario,,,,IGN,-1,"MULTIPOLYGON (((-59.082957412999974 -35.18912362599997, -59.08425624599994 -35.18914634199996, -59.08428001499993 -35.188293761999944, -59.08298081399994 -35.18826755799995, -59.082957412999974 -35.18912362599997)))",Esri-World_Imagery 2010
areas_de_actividad_agropecuaria_AL270.1337,1337,2,Establecimiento Agropecuario,,,,IGN,-1,"MULTIPOLYGON (((-59.08866732299998 -35.20202944399995, -59.08966386499998 -35.20204673999996, -59.089696738999976 -35.20103713599997, -59.08973676499994 -35.199807874999976, -59.08834207499996 -35.19978506299998, -59.08663288399998 -35.199780852999936, -59.087803743999984 -35.200985799999955, -59.08868270099998 -35.201793975999976, -59.08866732299998 -35.20202944399995)))",Esri-World_Imagery 2010
areas_de_actividad_agropecuaria_AL270.1338,1338,2,Establecimiento Agropecuario,,,,IGN,-1,"MULTIPOLYGON (((-64.36083774199994 -27.667090852999934, -64.36006708999997 -27.67145672199996, -64.36324228499996 -27.674035256999957, -64.35839472699996 -27.676158089999944, -64.35438713799994 -27.680536421999932, -64.35091102699994 -27.682205387999943, -64.34788987899998 -27.686416702999963, -64.34548612399993 -27.689144150999937, -64.34826219599995 -27.690846501999943, -64.34910699899996 -27.69347946099998, -64.33981255799995 -27.704700424999942, -64.33575377899996 -27.709052783999937, -64.33493042399994 -27.709935637999934, -64.33063814199994 -27.70849915599996, -64.32703673399993 -27.71743202999994, -64.32383974799995 -27.72186463299994, -64.32035730899997 -27.72315561399995, -64.31823926599998 -27.726257198999974, -64.32062347199997 -27.727649387999975, -64.32186878399995 -27.728360678999934, -64.32552192999998 -27.722958603999928, -64.32627745999997 -27.721841290999976, -64.32848044099995 -27.722857769999962, -64.33054982099998 -27.718687450999937, -64.33303884299994 -27.719984091999947, -64.33558065499994 -27.71690964499993, -64.33369453099994 -27.715795895999975, -64.33813692999996 -27.71213710899997, -64.34499279899995 -27.70256079799998, -64.34411788199998 -27.70181515799993, -64.34552604299995 -27.69943705099996, -64.34953532399999 -27.697551963999956, -64.34963705499996 -27.696367021999947, -64.34814933999996 -27.696035644999938, -64.35250936399996 -27.691528268999946, -64.35353361399996 -27.69151826199993, -64.35478840499997 -27.69015395699995, -64.35375563599996 -27.689472317999957, -64.35752023099997 -27.68541080899996, -64.35922011599996 -27.685771448999958, -64.36023028299996 -27.68462959699997, -64.36106930599993 -27.683929616999933, -64.36685157299996 -27.677426940999965, -64.36868477699994 -27.677157300999966, -64.37157853899998 -27.674141633999966, -64.37166445099996 -27.672537210999963, -64.37101665599994 -27.671568901999933, -64.37336331399996 -27.670004972999948, -64.37546442499996 -27.671399046999966, -64.37698426099996 -27.668679888999975, -64.37737455399997 -27.667457156999944, -64.37737962699998 -27.66744126499998, -64.37762686099995 -27.66666670099994, -64.37499997199996 -27.666666654999972, -64.37273188599994 -27.666666697999972, -64.37194941599995 -27.66761292299998, -64.37070355299994 -27.669119474999945, -64.36801316199995 -27.667222753999965, -64.36799723399997 -27.66721152499997, -64.36797052399999 -27.667192693999937, -64.36722438599998 -27.666666646999943, -64.36666669399995 -27.666666628999963, -64.36091261099995 -27.666666692999968, -64.36083774199994 -27.667090852999934)))",IGN03
areas_de_actividad_agropecuaria_AL270.1339,1339,2,Establecimiento Agropecuario,,,,IGN,-1,"MULTIPOLYGON (((-64.30679054199999 -27.73873965799993, -64.30676753599994 -27.738742267999953, -64.30675243899998 -27.738728239999944, -64.30674398499997 -27.738711258999956, -64.30672128999998 -27.738710116999982, -64.30669869399998 -27.738715036999963, -64.30668371599995 -27.738731325999936, -64.30667169399999 -27.73874647499997, -64.30666664899996 -27.73876395999997, -64.30665162899999 -27.73877760299996, -64.30663762099994 -27.738792556999954, -64.30662271699998 -27.738805757999955, -64.30660685299995 -27.738820845999953, -64.30659381999993 -27.738834794999946, -64.30658230399996 -27.738850597999942, -64.30657077999996 -27.738865850999957, -64.30655330499997 -27.73888095899997, -64.30653662399993 -27.738891536999972, -64.30651680599993 -27.738899729999957, -64.30649937299995 -27.73890976699994, -64.30648068499994 -27.738918825999974, -64.30646079299999 -27.73893010699993, -64.30644144999997 -27.738944576999984, -64.30642397199995 -27.738959575999957, -64.30640896299997 -27.738973880999936, -64.30638861699998 -27.738987702999964, -64.30636960499999 -27.738999743999955, -64.30635210299994 -27.73901319999993, -64.30633532299998 -27.739025321999975, -64.30631663199995 -27.73903416099995, -64.30629720299999 -27.73904345099993, -64.30627777899997 -27.73905296199996, -64.30625898299996 -27.739063014999942, -64.30623985599993 -27.73907560899994, -64.30621996099995 -27.73908666999995, -64.30619933699995 -27.739098620999982, -64.30618280999994 -27.739111070999968, -64.30616444099996 -27.739124536999952, -64.30614396099998 -27.739130091999982, -64.30612936199998 -27.73914681699995, -64.30610948999998 -27.739159309999934, -64.30608995999995 -27.739169923999953, -64.30606992199995 -27.73917977399998, -64.30605046999995 -27.739187629999947, -64.30603080999998 -27.739197915999966, -64.30601211799996 -27.73920675499994, -64.30599467899998 -27.739216460999955, -64.30597499499999 -27.739225202999933, -64.30595656499997 -27.739234920999934, -64.30593774899995 -27.739243761999944, -64.30592044699995 -27.739254236999955, -64.30589922999997 -27.739260242999933, -64.30587953499997 -27.739268323999966, -64.30586424199998 -27.739280426999983, -64.30585060699997 -27.739295485999946, -64.30584432999996 -27.739313427999946, -64.30582959399999 -27.739329271999964, -64.30581246099996 -27.739342612999963, -64.30579855699995 -27.73935635199996, -64.30578080199996 -27.739369479999937, -64.30576525399994 -27.73938114499998, -64.30574651899997 -27.739394946999937, -64.30572727199996 -27.739407761999928, -64.30570890599995 -27.739421448999963, -64.30569337399999 -27.739434106999965, -64.30567387699995 -27.73944681599994, -64.30565799199996 -27.739460690999977, -64.30564133699994 -27.739472810999928, -64.30562209499993 -27.739485957999932, -64.30560669299996 -27.739499054999953, -64.30559220799995 -27.73951511799993, -64.30557571299994 -27.739529551999965, -64.30555419699994 -27.739539970999942, -64.30553638399994 -27.73954957099994, -64.30551810299994 -27.73956082999996, -64.30549883199996 -27.739572212999974, -64.30547869699996 -27.73958371799995, -64.30545911499996 -27.73959885299996, -64.30544423499998 -27.73961348699993, -64.30543271499994 -27.739629069999978, -64.30542136599996 -27.73964751799997, -64.30540773699994 -27.739662906999968, -64.30539206599997 -27.739674683999965, -64.30537303999995 -27.73968584399995, -64.30535307299994 -27.73969249399994, -64.30533218899996 -27.73969606999998, -64.30531360999998 -27.739704245999974, -64.30529632799994 -27.739715934999936, -64.30528005899998 -27.739729042999954, -64.30526481599998 -27.739744231999964, -64.30524905799996 -27.739758215999927, -64.30523553799998 -27.73977272199994, -64.30522276299996 -27.739787329999956, -64.30520673899997 -27.739800213999956, -64.30518538699994 -27.739813166999966, -64.30516909699998 -27.73982495299998, -64.30515143899999 -27.739836424999964, -64.30513113099994 -27.739844953999977, -64.30511181599996 -27.739853580999977, -64.30509515099993 -27.739865150999947, -64.30507552099994 -27.73987730999994, -64.30505510099994 -27.739886611999964, -64.30503848999996 -27.739901488999976, -64.30503108699997 -27.73991878299995, -64.30501718699998 -27.73993274399993, -64.30500380699993 -27.739948239999933, -64.30498707699996 -27.73996344899996, -64.30497140999995 -27.73997544699995, -64.30495425999999 -27.73998768499996, -64.30493829599993 -27.740004316999944, -64.30492420699994 -27.740021917999968, -64.30490929899997 -27.740034897999976, -64.30488987099994 -27.740044187999956, -64.30486927099997 -27.74004996399998, -64.30484819499998 -27.740057070999967, -64.30482884799994 -27.740063712999984, -64.30481086099996 -27.740077835999955, -64.30479835799997 -27.740093872999978, -64.30478361299998 -27.74010927599994, -64.30476464699996 -27.740124182999978, -64.30474728699994 -27.740138738999974, -64.30473103099996 -27.740152617999968, -64.30470972599994 -27.74016082999998, -64.30468803999997 -27.740168383999958, -64.30467338999995 -27.74018202299993, -64.30466149299997 -27.74019728099995, -64.30464479899996 -27.740214693999974, -64.30462830399995 -27.740229127999953, -64.30461338499998 -27.74024144799995, -64.30459773999996 -27.740254767999943, -64.30457864499994 -27.740269345999934, -64.30455827199995 -27.740281513999946, -64.30453601799996 -27.74029238299994, -64.30451990399996 -27.740307363999932, -64.30450380399998 -27.74032322599993, -64.30448838499996 -27.740335220999953, -64.30447489599999 -27.74035171199995, -64.30445135199994 -27.74035168299997, -64.30442795799996 -27.740353305999975, -64.30441023099996 -27.740368195999963, -64.30439449899995 -27.740383833999942, -64.30438323799996 -27.74040007399998, -64.30437994499994 -27.740418639999973, -64.30436489899995 -27.740430738999976, -64.30434698599998 -27.740441773999976, -64.30432809199993 -27.740453482999953, -64.30430958199997 -27.74046595799996, -64.30429070499997 -27.740478657999972, -64.30427292499996 -27.740490241999964, -64.30425717799994 -27.74050499799995, -64.30424253099994 -27.740518745999964, -64.30422661599994 -27.74053074799997, -64.30420777999996 -27.74053837499997, -64.30419147699996 -27.740549389999956, -64.30417832199998 -27.740563449999968, -64.30416243399998 -27.740577103999954, -64.30414679599994 -27.740590865999934, -64.30413058699997 -27.740607721999936, -64.30411668899995 -27.740621791999956, -64.30410065799998 -27.74063434599998, -64.30408324899997 -27.740645924999967, -64.30406286499993 -27.740657431999978, -64.30404312299999 -27.74067025399995, -64.30402413299998 -27.740683726999976, -64.30400898999994 -27.740697482999963, -64.30397840599994 -27.740706583999952, -64.30396197499994 -27.740717269999948, -64.30394188499997 -27.740724031999946, -64.30392977499997 -27.740741386999957, -64.30391088799996 -27.740753535999943, -64.30389076899996 -27.740766141999984, -64.30387157599995 -27.740774656999974, -64.30385242199998 -27.740785596999956, -64.30383304599997 -27.74079808299996, -64.30381378699997 -27.74081023699995, -64.30379814999998 -27.74082410899996, -64.30378478299997 -27.740840376999984, -64.30376875699994 -27.740853261999973, -64.30375147399997 -27.740864949999946, -64.30373238199996 -27.740879636999978, -64.30371610699996 -27.740892414999962, -64.30369745699994 -27.74090389899993, -64.30367713799995 -27.740919374999976, -64.30365709999995 -27.74092933399993, -64.30363350299996 -27.740933714999983, -64.30361112099996 -27.740944255999977, -64.30359407699996 -27.740955388999964, -64.30357370599995 -27.74096777799997, -64.30356280899997 -27.740983572999937, -64.30354616699998 -27.74099657599993, -64.30320462999998 -27.74162843299996, -64.30413521699995 -27.742206691999968, -64.30413900499997 -27.74220904599997, -64.30519842599995 -27.74286734599997, -64.30350372599997 -27.745213210999964, -64.30365469199995 -27.745299305999936, -64.30507069199996 -27.74610682399998, -64.30507250899996 -27.74610785999994, -64.30381342799996 -27.747653558999957, -64.30504832699995 -27.74830320199993, -64.30614128399998 -27.74745691299995, -64.30655395299993 -27.74713737099995, -64.30710292799995 -27.745980568999983, -64.30582788399994 -27.745218026999964, -64.30927879199999 -27.741152623999938, -64.31235045999995 -27.74242596499994, -64.31391443999996 -27.73955634899994, -64.31766921899998 -27.741533319999974, -64.31864845099994 -27.74201557599997, -64.32008308999997 -27.739648596999928, -64.32351302899997 -27.73941554099997, -64.32030569599993 -27.737441589999946, -64.31206209899995 -27.732201805999978, -64.31206206699994 -27.73220447799997, -64.31205636199996 -27.73222343699996, -64.31204612199997 -27.732239290999928, -64.31203466799997 -27.732255645999942, -64.31202582999998 -27.732272097999953, -64.31202094699995 -27.732292343999973, -64.31201502699997 -27.732311865999975, -64.31200736299996 -27.732329256999947, -64.31199198299998 -27.732344358999967, -64.31197537499997 -27.73235763899993, -64.31195420099993 -27.73237146599996, -64.31193711699996 -27.73238299999997, -64.31192489999995 -27.73239905799994, -64.31191519399994 -27.732415549999928, -64.31190825499993 -27.732434676999958, -64.31190338499994 -27.732453042999964, -64.31189648699996 -27.73247493399998, -64.31188804799996 -27.73249390999996, -64.31188730599996 -27.732512743999962, -64.31188817599997 -27.73253150299996, -64.31188094999999 -27.73254997999993, -64.31186824499997 -27.732566172999952, -64.31185232099995 -27.732580524999946, -64.31183519799998 -27.73259349799997, -64.31181934699998 -27.732606962999967, -64.31180501599994 -27.73262301099993, -64.31178824099999 -27.732639726999935, -64.31176217499996 -27.73265489099998, -64.31174998399996 -27.73267138999995, -64.31173227299996 -27.732680740999967, -64.31172393699995 -27.732697279999968, -64.31172545299995 -27.73271644999994, -64.31172227899998 -27.732736173999967, -64.31171619399998 -27.732755039999972, -64.31170708999997 -27.732773272999964, -64.31169922499998 -27.732791447999944, -64.31169123599994 -27.73281173099997, -64.31168156499996 -27.73283087599998, -64.31167186099998 -27.732849469999962, -64.31166161499993 -27.73286941699996, -64.31165039099994 -27.73288752999997, -64.31164283799995 -27.732904694999945, -64.31162720299994 -27.73291969899998, -64.31161311299996 -27.73293352299993, -64.31160528599997 -27.73295025999994, -64.31159323899993 -27.732967083999938, -64.31157078899997 -27.73296991199993, -64.31156082999996 -27.732988407999983, -64.31155292099999 -27.733010012999955, -64.31154568199997 -27.733030370999984, -64.31153647399998 -27.73304683999993, -64.31152306899997 -27.733063839999943, -64.31151341699996 -27.73308121499997, -64.31150606699998 -27.733099696999943, -64.31149309899996 -27.73311357999995, -64.31147621099996 -27.733128420999947, -64.31146317899999 -27.733143301999974, -64.31145501999998 -27.733162817999983, -64.31144569399999 -27.73318150399996, -64.31143687099996 -27.73320027799997, -64.31142490899998 -27.73321853699997, -64.31141333099998 -27.733234895999942, -64.31140200199997 -27.73325334599997, -64.31139305399995 -27.733272124999928, -64.31138426999996 -27.733289458999934, -64.31137436199998 -27.733306735999975, -64.31136368599994 -27.73332570699995, -64.31135303499997 -27.73334301899996, -64.31133779799995 -27.733358445999954, -64.31132238399994 -27.733375096999964, -64.31131033699995 -27.733391921999953, -64.31129611799997 -27.73340774299993, -64.31126412599997 -27.73344062299998, -64.31126442599998 -27.73345914199996, -64.31125579599995 -27.73347711399998, -64.31124605599996 -27.733495320999964, -64.31123443499996 -27.733512228999928, -64.31122868599994 -27.733532037999964, -64.31122106799995 -27.733551320999936, -64.31121021699994 -27.733569761999945, -64.31119769999998 -27.733584916999973, -64.31118558999998 -27.733602161999954, -64.31118030799996 -27.73362031199997, -64.31116991999994 -27.733636762999936, -64.31115589299998 -27.733650504999957, -64.31114067099998 -27.733666907999975, -64.31112503399999 -27.733680669999956, -64.31111129399994 -27.73369672299998, -64.31109805299997 -27.733713100999978, -64.31108332499997 -27.733729386999983, -64.31107120199994 -27.73374586099993, -64.31105808399997 -27.733762126999977, -64.31104724599999 -27.73378144999998, -64.31104113299995 -27.733801814999936, -64.31103689099996 -27.733822817999965, -64.31103147799996 -27.733840527999973, -64.31102519299998 -27.733857917999956, -64.31101717099995 -27.733875110999975, -64.31100941499994 -27.73389351299994, -64.31099930299996 -27.733911724999928, -64.31098443699995 -27.733927129999984, -64.31097091799995 -27.733941637999976, -64.31095367499995 -27.733955640999966, -64.31093955099993 -27.733971037999936, -64.31093007199996 -27.733990122999955, -64.31091969999994 -27.734007566999935, -64.31090597999997 -27.73402494299995, -64.31089124399995 -27.73404078799996, -64.31087824799994 -27.73405694199994, -64.31086674899996 -27.73407373799995, -64.31085614899996 -27.734092396999984, -64.31084603499994 -27.73411049799995, -64.31082510199997 -27.734118595999973, -64.31080588899994 -27.73412578799997, -64.31079454099995 -27.734144235999963, -64.31078815199999 -27.734162840999943, -64.31077479799995 -27.734179881999978, -64.31076589299994 -27.73419609299998, -64.31075779099996 -27.734216042999947, -64.31074680299997 -27.73423371499996, -64.31073108999993 -27.734250453999948, -64.31071971699998 -27.734267359999933, -64.31070899699995 -27.734286349999934, -64.31069550699993 -27.734302620999983, -64.31068152199998 -27.73431889799997, -64.31067079399998 -27.734337337999932, -64.31065733899999 -27.73435570299995, -64.31064794899999 -27.734372691999965, -64.31064057599997 -27.734391750999976, -64.31063408299997 -27.734411568999974, -64.31062470099994 -27.734428999999977, -64.31061368599995 -27.734445018999963, -64.31060219699998 -27.734462364999956, -64.31059266999995 -27.734478584999977, -64.31058231299994 -27.734497019999935, -64.31057170199995 -27.73451501699998, -64.31056372399996 -27.734534965999956, -64.31055971899997 -27.734555413999942, -64.31055568099998 -27.73457376799996, -64.31054129699999 -27.734588395999936, -64.31053351999998 -27.734605474999967, -64.31053037199996 -27.734625250999954, -64.31053043899993 -27.734644654999954, -64.31053073199996 -27.734662731999947, -64.31053053799997 -27.734681257999966, -64.31052005899994 -27.734699804999934, -64.31051153899995 -27.734716892999984, -64.31049590499998 -27.734730875999958, -64.31047808199997 -27.73473970599997, -64.31046683999995 -27.73475704899994, -64.31045609199998 -27.73477427699993, -64.31044496299995 -27.734790957999962, -64.31043097799994 -27.73480723499995, -64.31041219699995 -27.734818170999972, -64.31039519499996 -27.73483183999997, -64.31037916699995 -27.734844393999936, -64.31036866199997 -27.734861287999934, -64.31035767199995 -27.734878959999946, -64.31034881599999 -27.73489825799993, -64.31033869299995 -27.734915807999982, -64.31033108499997 -27.734935640999936, -64.31032438499994 -27.73495799799997, -64.31031909299998 -27.73497548599994, -64.31030796399995 -27.734992166999973, -64.31029631799998 -27.73500753199994, -64.31028570099994 -27.73502519899995, -64.31027470699996 -27.735042539999938, -64.31027019199996 -27.73506211299997, -64.31026998999994 -27.735080196999945, -64.31025398299994 -27.73509407399996, -64.31024184199998 -27.735109444999978, -64.31022934999999 -27.735126143999935, -64.31021957499996 -27.73514225599996, -64.31020561799994 -27.735160295999947, -64.31019296599999 -27.73517468199998, -64.31018160099995 -27.735192138999935, -64.31016923499993 -27.735208944999954, -64.31015763599999 -27.735227175999967, -64.31015077799998 -27.735247440999956, -64.31014375399997 -27.73526506099995, -64.31013726199996 -27.73528498999997, -64.31012937099996 -27.73530262199995, -64.31011674399997 -27.73531866099995, -64.31010246999995 -27.73533240599994, -64.31008792899996 -27.735345050999967, -64.31007416699998 -27.735359781999932, -64.31006051299994 -27.735373627999934, -64.31005027899994 -27.73539195199993, -64.31004075799996 -27.735408501999927, -64.31003173299996 -27.735425045999932, -64.31002071299997 -27.73544073299996, -64.31000871999998 -27.73545764599993, -64.30999994299998 -27.735474186999966, -64.30998721899994 -27.735491879999984, -64.30997686199998 -27.735510314999942, -64.30996638899995 -27.735529192999934, -64.30995630999996 -27.735549498999944, -64.30994543899993 -27.735566838999944, -64.30993304299994 -27.735581770999943, -64.30991681399996 -27.73559719499997, -64.30990105099994 -27.735610847999965, -64.30989203499996 -27.73562794299994, -64.30988452799994 -27.73564634199994, -64.30987613799994 -27.73566386999994, -64.30986888699994 -27.73568281699994, -64.30985047399997 -27.735693527999956, -64.30983420699994 -27.735706635999975, -64.30981253599998 -27.73570746599995, -64.30980690499996 -27.73572694199993, -64.30980474199998 -27.735746374999962, -64.30979227299997 -27.735764506999942, -64.30977426899994 -27.73577752799997, -64.30975698099996 -27.735788774999946, -64.30974186399993 -27.73580407399993, -64.30973359299998 -27.735821269999974, -64.30972411199997 -27.735840244999963, -64.30971497499996 -27.735857451999948, -64.30970234599994 -27.73587337999993, -64.30968506899995 -27.735885398999983, -64.30966872199997 -27.735901154999965, -64.30965611699997 -27.73591851699996, -64.30964121899996 -27.735932048999928, -64.30962509099999 -27.735946147999982, -64.30961094099996 -27.735959890999936, -64.30959769299994 -27.735975827999937, -64.30958808999998 -27.735994913999946, -64.30957581599995 -27.73600973599997, -64.30955970599996 -27.736024936999968, -64.30954118199998 -27.736036421999984, -64.30952642199998 -27.73605083399997, -64.30951326699994 -27.73606478399995, -64.30949986499996 -27.736078848999966, -64.30948515299997 -27.73609623699997, -64.30947107299994 -27.73611427999998, -64.30945661099997 -27.736131774999933, -64.30943890599997 -27.73614787899993, -64.30942525399996 -27.73616183599995, -64.30941338499997 -27.73617874699994, -64.30939954499996 -27.73619634499994, -64.30938763999995 -27.73621105199993, -64.30937450199997 -27.736226103999968, -64.30935861499995 -27.736239759999933, -64.30934306899996 -27.73625153599994, -64.30932691499999 -27.73626398199997, -64.30931237499993 -27.736276627999928, -64.30929834399996 -27.736290147999966, -64.30929181199997 -27.736307541999963, -64.30928802599993 -27.73632622399998, -64.30927076699999 -27.736339344999976, -64.30925349599994 -27.73635169499994, -64.30923772599994 -27.73636490699994, -64.30922634299998 -27.736381259999973, -64.30921523399996 -27.73639915499996, -64.30920613599994 -27.736418785999945, -64.30919630999995 -27.736439419999954, -64.30917945399995 -27.73645451999994, -64.30916681899998 -27.73647000799997, -64.30915643099996 -27.736486568999965, -64.30914618399999 -27.73650411999995, -64.30912910199999 -27.73652054699994, -64.30911607599995 -27.736534826999957, -64.30910486899995 -27.736554375999958, -64.30908954399996 -27.736572102999958, -64.30907085299998 -27.73658094299998, -64.30905545199994 -27.736594040999933, -64.30904105899998 -27.736608116999946, -64.30902521899998 -27.736624638999956, -64.30901494899996 -27.736640867999938, -64.30900064599996 -27.73666045599998, -64.30898529799998 -27.736676859999932, -64.30897383099995 -27.736695529999963, -64.30896631099995 -27.73671326799996, -64.30896640699996 -27.73673443499996, -64.30895712799997 -27.736750540999935, -64.30893854399994 -27.736758386999952, -64.30891702799994 -27.736768806999976, -64.30890575999996 -27.736784606999947, -64.30889177199998 -27.73680066399993, -64.30887686799997 -27.73681386499993, -64.30886111799998 -27.73682828999995, -64.30884468799997 -27.736839085999975, -64.30882702099996 -27.736849896999956, -64.30880911599996 -27.736861372999954, -64.30879074899997 -27.73687494899997, -64.30877658499998 -27.73688791999996, -64.30877342799994 -27.736907144999975, -64.30876478199997 -27.736924124999973, -64.30874647899998 -27.73693395199996, -64.30872689199998 -27.736941039999977, -64.30870817899995 -27.73694855699995, -64.30869376399994 -27.73696130999997, -64.30869010299995 -27.736980099999982, -64.30866996099996 -27.73699116399996, -64.30865031299999 -27.73700211099998, -64.30863520099996 -27.73701774099993, -64.30861922699995 -27.73703360199994, -64.30860201699994 -27.737049809999974, -64.30858699499998 -27.737063343999978, -64.30857040499995 -27.737079432999963, -64.30855284199998 -27.737096747999942, -64.30853598799996 -27.737111958999947, -64.30851669199996 -27.737129295999978, -64.30850040799999 -27.73714141199997, -64.30848254699998 -27.737155643999984, -64.30846777099998 -27.73716895399997, -64.30845174499996 -27.73718172799994, -64.30843397599995 -27.73719397399998, -64.30841682699997 -27.737206211999933, -64.30840019599998 -27.737219876999973, -64.30838770599996 -27.73723668599996, -64.30837605799996 -27.737251939999965, -64.30836154199994 -27.737266128999977, -64.30834415599998 -27.737279030999957, -64.30832854699997 -27.737294556999927, -64.30831244599995 -27.73731030899995, -64.30829331099994 -27.73732235199998, -64.30827827099995 -27.737334782999937, -64.30826401799993 -27.737349850999976, -64.30825052299997 -27.737365790999945, -64.30823587199995 -27.737379318999956, -64.30821871499995 -27.73739111599997, -64.30819931599996 -27.73740216999994, -64.30818265399995 -27.73741384999994, -64.30816558999999 -27.737423771999943, -64.30814551099996 -27.737431085999958, -64.30813161199995 -27.737445045999948, -64.30811790399997 -27.73746319299994, -64.30810203099998 -27.737477729999966, -64.30809128799996 -27.737495287999934, -64.30808491199997 -27.737514774999966, -64.30807365999993 -27.737531456999932, -64.30805599199994 -27.737542378999933, -64.30803694299993 -27.737551994999933, -64.30801579099995 -27.737561967999966, -64.30799936099999 -27.737572763999935, -64.30798331799997 -27.737584435999963, -64.30796815699995 -27.73759697899993, -64.30795414199997 -27.737611491999928, -64.30794062799998 -27.737626329999955, -64.30792672599995 -27.737640178999982, -64.30790972099999 -27.737653628999965, -64.30789316799996 -27.73766442599998, -64.30787478999997 -27.737677339999948, -64.30785789899994 -27.737690235999935, -64.30784142199997 -27.73770577299996, -64.30782679699996 -27.737720844999956, -64.30781651899997 -27.737736521999977, -64.30780151699997 -27.737751268999943, -64.30778509399994 -27.737762504999978, -64.30777108099994 -27.737777127999948, -64.30775908799995 -27.737794040999972, -64.30774593899997 -27.73780843199995, -64.30772728899996 -27.737819806999937, -64.30771089599995 -27.73783280699996, -64.30769275299997 -27.737844947999974, -64.30767746999999 -27.737857711999936, -64.30766271999994 -27.737872675999938, -64.30764858999999 -27.737887740999952, -64.30763571699998 -27.737903893999942, -64.30762469199993 -27.737919359999978, -64.30760440299997 -27.73792899199998, -64.30758148699994 -27.737929506999933, -64.30756613099999 -27.73794535999997, -64.30755872999998 -27.737962764999963, -64.30754827699997 -27.737982964999958, -64.30753430699997 -27.73800023399997, -64.30751635499996 -27.738016450999964, -64.30750312099997 -27.73803326899997, -64.30749003499994 -27.738051517999963, -64.30747564399996 -27.73806581599996, -64.30746136199997 -27.738079118999963, -64.30744708999998 -27.738093083999956, -64.30743244699994 -27.738107053999954, -64.30741692799995 -27.738120482999932, -64.30739895399995 -27.73813537799998, -64.30738368799996 -27.738149134999958, -64.30737046099995 -27.73816639399996, -64.30735511499995 -27.73818290899993, -64.30733984599993 -27.73819644599996, -64.30732675699994 -27.73821458499998, -64.30731710699996 -27.738230805999933, -64.30731036899994 -27.73825084799995, -64.30730248699996 -27.738269140999932, -64.30728827599995 -27.738286853999966, -64.30727074699996 -27.738298544999964, -64.30725482999998 -27.73831043599995, -64.30723730899996 -27.738322677999975, -64.30721875699999 -27.738332508999974, -64.30719936699995 -27.738344113999972, -64.30717896599998 -27.738354518999984, -64.30715957899997 -27.738366344999974, -64.30714267399998 -27.738378357999977, -64.30712576799993 -27.73839037199997, -64.30710848799998 -27.73840217099996, -64.30709123899999 -27.738415953999947, -64.30707290599997 -27.73843162399993, -64.30705685699996 -27.73844296599998, -64.30704046899996 -27.73845629699997, -64.30702818799995 -27.738470786999983, -64.30702031999994 -27.73848996199996, -64.30701653799997 -27.738508862999936, -64.30700825599996 -27.738525396999933, -64.30699384599995 -27.738538481999967, -64.30697546699997 -27.73855128699995, -64.30695578099994 -27.738559918999954, -64.30694988799996 -27.73857862799997, -64.30694252299998 -27.738598236999962, -64.30692829699996 -27.738615067999945, -64.30691216599996 -27.73862894599995, -64.30689342099998 -27.73864208599997, -64.30687741399998 -27.73865607299996, -64.30686739899994 -27.73867273999997, -64.30685764999998 -27.738690504999965, -64.30684304099998 -27.73870656899993, -64.30682863399994 -27.73871987499996, -64.30681103399996 -27.738734874999977, -64.30679054199999 -27.73873965799993)))",IGN03
areas_de_actividad_agropecuaria_AL270.1340,1340,2,Establecimiento Agropecuario,,,,IGN,-1,"MULTIPOLYGON (((-64.28283961499994 -27.699374623999972, -64.28508261099995 -27.700863092999953, -64.28642403499998 -27.700025254999957, -64.29091581999995 -27.702033726999957, -64.29109214599998 -27.701819841999964, -64.29195633699999 -27.702020480999977, -64.29198032699998 -27.70196602699997, -64.29198947899994 -27.701945253999952, -64.29207751199993 -27.701942481999936, -64.29215917699997 -27.701849597999967, -64.29283357999998 -27.70057169399996, -64.28720440599994 -27.698791720999964, -64.28625899999997 -27.69950797699994, -64.28422905399998 -27.698111878999953, -64.28283961499994 -27.699374623999972)))",IGN03
areas_de_actividad_agropecuaria_AL270.1341,1341,2,Establecimiento Agropecuario,,,,IGN,-1,"MULTIPOLYGON (((-64.28225149799994 -27.703459816999953, -64.27902504699995 -27.706248797999933, -64.28148394899995 -27.70806547999996, -64.28423737199995 -27.705610984999964, -64.28254788299995 -27.703881553999963, -64.28304738799994 -27.70354677299997, -64.28526425699994 -27.705059061999975, -64.28591801599998 -27.704321938999954, -64.28343401899997 -27.702623478999953, -64.28225149799994 -27.703459816999953)))",IGN03
areas_de_actividad_agropecuaria_AL270.1342,1342,2,Establecimiento Agropecuario,,,,IGN,-1,"MULTIPOLYGON (((-64.27748832299994 -27.70810794299996, -64.27363535699993 -27.71178677499995, -64.27569165699998 -27.71315919799997, -64.27672425199995 -27.710756214999947, -64.27878084399998 -27.712152170999957, -64.27965525399998 -27.709880186999953, -64.27882594999994 -27.709203961999947, -64.27895512199996 -27.708919780999963, -64.27748832299994 -27.70810794299996)))",IGN03
areas_de_actividad_agropecuaria_AL270.1343,1343,2,Establecimiento Agropecuario,,,,IGN,-1,"MULTIPOLYGON (((-64.45777844199995 -27.678478472999927, -64.46957695899994 -27.685567035999952, -64.47109227299995 -27.68442889199997, -64.47473139899995 -27.68054314099993, -64.46238558899995 -27.672899753999957, -64.45777844199995 -27.678478472999927)))",IGN03
areas_de_actividad_agropecuaria_AL270.1344,1344,2,Establecimiento Agropecuario,,,,IGN,-1,"MULTIPOLYGON (((-64.48930927399994 -27.712786364999943, -64.49097111199995 -27.71578898399997, -64.49223184099998 -27.71536965499996, -64.49429655099993 -27.718187555999975, -64.49338605799994 -27.718287548999967, -64.49330440999995 -27.71973105999996, -64.49436994299998 -27.719854803999965, -64.49458766499998 -27.723849737999956, -64.49844561299994 -27.722766114999956, -64.49508464899998 -27.71406654699996, -64.49417111099996 -27.713114657999938, -64.49433917899995 -27.71223123599998, -64.49637841499998 -27.709884966999937, -64.49725801899996 -27.708352677999983, -64.49643345599998 -27.707319694999967, -64.49543211499997 -27.70652905399993, -64.49407610299994 -27.70614296499997, -64.49123054699999 -27.709340089999955, -64.49033980899998 -27.71034082999995, -64.48930927399994 -27.712786364999943)))",IGN03
areas_de_actividad_agropecuaria_AL270.1345,1345,2,Establecimiento Agropecuario,,,,IGN,-1,"MULTIPOLYGON (((-64.47398284799993 -27.725753837999946, -64.47867109799995 -27.727777600999957, -64.47997597199998 -27.72686200399994, -64.48101406499995 -27.728699269999936, -64.48229633099999 -27.729857675999938, -64.48472907799999 -27.729921753999974, -64.48465826299997 -27.728434800999935, -64.48134427999997 -27.72689244299994, -64.48142243099994 -27.725178479999954, -64.47763507699995 -27.72233370799995, -64.47569787099997 -27.72414784199998, -64.47398284799993 -27.725753837999946)))",IGN03
areas_de_actividad_agropecuaria_AL270.1346,1346,2,Establecimiento Agropecuario,,,,IGN,-1,"MULTIPOLYGON (((-64.49837996199994 -27.75220178199993, -64.49327232399997 -27.754809750999982, -64.49278316099998 -27.75467053999995, -64.49223658199998 -27.754291123999963, -64.49072678099998 -27.754740889999937, -64.49018873399996 -27.754987511999957, -64.48703856399999 -27.75425079499996, -64.48503631699998 -27.754320478999944, -64.48373974799995 -27.754527055999972, -64.48324929099994 -27.75429149499996, -64.48178901599994 -27.75440348099994, -64.48011350899998 -27.754614084999957, -64.48055634499997 -27.75533181299994, -64.48121637199995 -27.75609537699995, -64.48165595999996 -27.756572313999982, -64.48204207099997 -27.757097985999962, -64.48258863199999 -27.75747744199998, -64.48324085199994 -27.75766310499995, -64.48487402699993 -27.758319877999952, -64.48530971699995 -27.758507855999937, -64.48515515799994 -27.759087491999935, -64.48526931099997 -27.759519745999967, -64.48645439499995 -27.759073528999977, -64.48694160799994 -27.75906828999996, -64.48813453799994 -27.759199947999946, -64.48877891299998 -27.758807693999984, -64.48876842899995 -27.75803717499997, -64.48945840799996 -27.757018289999962, -64.49117887199998 -27.756132784999977, -64.49265032399995 -27.75683937399998, -64.49330518399995 -27.75721761799997, -64.49385441099997 -27.75778965799998, -64.49385967099994 -27.758174915999973, -64.49413362999996 -27.75841277799998, -64.49471923899995 -27.757683981999946, -64.49455223299998 -27.75734863699995, -64.49389276499994 -27.75663329799994, -64.49361026599996 -27.755769388999965, -64.49850009299996 -27.75306743899995, -64.50000002199994 -27.75372872899993, -64.50000001199999 -27.750358897999945, -64.49837996199994 -27.75220178199993)))",IGN03
areas_de_actividad_agropecuaria_AL270.1347,1347,2,Establecimiento Agropecuario,,,,IGN,-1,"MULTIPOLYGON (((-64.48596145199997 -27.80535139899996, -64.48472302699997 -27.80589452499993, -64.48250886799997 -27.805857809999964, -64.48306191699999 -27.807045438999978, -64.48255261899993 -27.80907997099996, -64.48189693599994 -27.810220897999955, -64.48015779599996 -27.810657298999956, -64.48003733199994 -27.811673122999935, -64.48039391499998 -27.813220936999983, -64.48108120399996 -27.814407132999975, -64.48176526799995 -27.815354646999936, -64.48278165999994 -27.81605987399996, -64.48379400799996 -27.816466745999946, -64.48501419399997 -27.817348799999934, -64.48542742399997 -27.818120171999965, -64.48684735599994 -27.81888070499997, -64.48799722399997 -27.819524774999934, -64.48901613599998 -27.82040896199993, -64.49023233399998 -27.82099261999997, -64.49148955999993 -27.81966612399998, -64.49182104799996 -27.819364151999935, -64.49282774399995 -27.819353269999965, -64.49344074399994 -27.820003098999962, -64.49352582399996 -27.821315095999978, -64.49394158099994 -27.82226544699995, -64.49488527499994 -27.82255362099994, -64.49670065299995 -27.822772661999977, -64.49803066499999 -27.821863065999935, -64.49861994499997 -27.82078246599997, -64.49847506499998 -27.82000822499998, -64.49738815199998 -27.81906516999993, -64.49590185599993 -27.818365145999962, -64.49468811299994 -27.81796054499995, -64.49359880199995 -27.816838450999967, -64.49391884199997 -27.81570110399997, -64.49403509499996 -27.81438692699993, -64.49348841799997 -27.813676704999978, -64.49280671399998 -27.812908259999972, -64.49332562899997 -27.81158972999998, -64.49464655299994 -27.810023806999936, -64.49541359299997 -27.809512549999965, -64.49255270799995 -27.808073838999974, -64.49123447699998 -27.80673948499998, -64.48997043599996 -27.805404532999944, -64.48806507199998 -27.80470261399995, -64.48676791799994 -27.80490924099996, -64.48596145199997 -27.80535139899996)))",IGN03
areas_de_actividad_agropecuaria_AL270.1348,1348,2,Establecimiento Agropecuario,,,,IGN,-1,"MULTIPOLYGON (((-64.48884722899999 -27.794531534999976, -64.48896997399999 -27.79558982499998, -64.48930473899998 -27.79630867999998, -64.48964344899997 -27.797316475999935, -64.48981641999995 -27.798085237999942, -64.49025622299996 -27.79856213599993, -64.49193171499996 -27.798303226999963, -64.49246272799996 -27.797526863999963, -64.49223756099997 -27.79690316199998, -64.49169536899996 -27.79686085399993, -64.49124767899997 -27.795806075999963, -64.49124176199996 -27.79537266099993, -64.49292707599994 -27.795836099999974, -64.49374134399994 -27.795971788999964, -64.49551783999993 -27.795181939999964, -64.49628125199996 -27.795558985999946, -64.49597414199997 -27.79686274499994, -64.49517832199996 -27.798075464999954, -64.49480847099994 -27.798753765999948, -64.49541207999994 -27.799325201999977, -64.49606127399994 -27.79927000799995, -64.49675934399994 -27.798828967999953, -64.49734711799994 -27.798244626999974, -64.49831858599998 -27.79799327199993, -64.49869171599994 -27.79755574799998, -64.49851736299996 -27.796690685999977, -64.49872406499998 -27.795965981999927, -64.49999997099997 -27.795859088999975, -64.49999998199996 -27.791666679999935, -64.49860597599996 -27.790907089999962, -64.49258067899996 -27.790248064999957, -64.49091973699996 -27.791619327999967, -64.48957121699993 -27.792019188999973, -64.48887119099999 -27.792315720999966, -64.48888891099995 -27.793615964999958, -64.48884722899999 -27.794531534999976)))",IGN03
areas_de_actividad_agropecuaria_AL270.1349,1349,2,Establecimiento Agropecuario,,,,IGN,-1,"MULTIPOLYGON (((-64.30444287999995 -27.81820486999993, -64.30380468599998 -27.819428553999956, -64.30315760099995 -27.820669253999938, -64.30283531699996 -27.821287181999935, -64.30227241399996 -27.82236643699997, -64.30224300399993 -27.82242200099995, -64.30215801199995 -27.822582574999956, -64.30321026999997 -27.823105362999968, -64.30316472399994 -27.823274969999943, -64.30336761999996 -27.82433040899997, -64.30356698299994 -27.82508982099995, -64.30442825499995 -27.82550462699993, -64.30509926199994 -27.825921225999934, -64.30557544599998 -27.825959016999946, -64.30609514999998 -27.82565804199993, -64.30704650499996 -27.82564903699995, -64.30795181299999 -27.825767344999974, -64.30843316499994 -27.825729833999958, -64.30856968699999 -27.825719194999976, -64.30927457599995 -27.824993510999946, -64.31012571099996 -27.824562495999942, -64.31121670799996 -27.82429837199993, -64.31040654299994 -27.824179182999956, -64.30963684199997 -27.82346748699996, -64.30925123399999 -27.823048203999974, -64.30953738299996 -27.82229568799994, -64.30989685999998 -27.82135031399997, -64.31074288599996 -27.820496402999936, -64.31094421599994 -27.819059123999978, -64.31018625199994 -27.81861050699996, -64.31013971399994 -27.81868462799997, -64.30997004599993 -27.818928635999953, -64.30988456699998 -27.81892420099996, -64.30972283099999 -27.81889083699997, -64.30937916299996 -27.81876041499993, -64.30879276099995 -27.818537246999938, -64.30860368199995 -27.81846528799997, -64.30696341799995 -27.817759579999972, -64.30689202899998 -27.817728538999972, -64.30688898199998 -27.817727214999934, -64.30636182899997 -27.817498005999937, -64.30545703299998 -27.817106526999964, -64.30511167499998 -27.816957214999945, -64.30510160999995 -27.816952863999973, -64.30508245099998 -27.81697851499996, -64.30444287999995 -27.81820486999993)))",IGN03
areas_de_actividad_agropecuaria_AL270.1350,1350,2,Establecimiento Agropecuario,,,,IGN,-1,"MULTIPOLYGON (((-64.29251076299994 -27.827477672999976, -64.29456575599994 -27.82826200599993, -64.29513558099995 -27.828172071999973, -64.29550860099994 -27.827534157999935, -64.29460378899995 -27.82745805899998, -64.29454267299997 -27.826316687999963, -64.29529121299998 -27.82525230999994, -64.29485457199996 -27.824537403999955, -64.29460870599996 -27.82386300199994, -64.29279363599994 -27.823245596999982, -64.29294380199997 -27.820768691999945, -64.29294998399996 -27.82066671499996, -64.29307042399995 -27.81868007199995, -64.29171744599995 -27.81813182299993, -64.28860274499993 -27.822861836999948, -64.29044810299996 -27.823902835999945, -64.29229043299995 -27.82494207999997, -64.29225338299995 -27.825830606999943, -64.29251076299994 -27.827477672999976)))",IGN03
areas_de_actividad_agropecuaria_AL270.1351,1351,2,Establecimiento Agropecuario,,,,IGN,-1,"MULTIPOLYGON (((-64.30808244799994 -27.789962785999933, -64.30865346999997 -27.79031583099993, -64.31274419699997 -27.785764755999935, -64.31304343999994 -27.78543181799995, -64.30547433699996 -27.780852482999933, -64.30166972899997 -27.78600119099997, -64.30172151399995 -27.786032243999955, -64.30258648099993 -27.786550905999945, -64.30274834599999 -27.78664796399994, -64.30392169399994 -27.78735719799994, -64.30411286099996 -27.787475487999927, -64.30644343899996 -27.78892203099997, -64.30726540399996 -27.78945287399995, -64.30747124199996 -27.78958133699996, -64.30808244799994 -27.789962785999933)))",IGN03
areas_de_actividad_agropecuaria_AL270.1352,1352,2,Establecimiento Agropecuario,,,,IGN,-1,"MULTIPOLYGON (((-64.34422262499999 -27.67574899799996, -64.34351440999995 -27.675791808999975, -64.34255899799996 -27.675978697999938, -64.34202057399995 -27.67600167699993, -64.34133620999995 -27.675510949999932, -64.34089471599998 -27.675302071999965, -64.34017588199998 -27.675255738999965, -64.33973395799995 -27.675011335999955, -64.33953121299999 -27.674746855999956, -64.33906119299996 -27.67416009699997, -64.33791785399995 -27.674605870999983, -64.33583031699993 -27.67541313099997, -64.33651315899994 -27.67594834299996, -64.33727600699996 -27.67633176099997, -64.33782049299998 -27.67680609699994, -64.33854906899995 -27.67696865599993, -64.33970068999997 -27.676864215999956, -64.34068600299997 -27.67687334599998, -64.34148313699995 -27.676921612999934, -64.34215497399998 -27.677008412999953, -64.34265799599996 -27.67700353899994, -64.34290859399994 -27.676926463999962, -64.34317878199994 -27.676737229999958, -64.34363348999995 -27.67621030199996, -64.34381960999997 -27.676003220999974, -64.34422262499999 -27.67574899799996)))",IGN03
areas_de_actividad_agropecuaria_AL270.1353,1353,2,Establecimiento Agropecuario,,,,IGN,-1,"MULTIPOLYGON (((-64.31202943299996 -27.693902392999973, -64.31243238799993 -27.693951634999962, -64.31316077999998 -27.693798813999933, -64.31377123399994 -27.69375322899998, -64.31429005799998 -27.693522800999972, -64.31462314399994 -27.693032651999943, -64.31497570099998 -27.69247865899996, -64.31527030999996 -27.69208507999997, -64.31542524799994 -27.69169282799993, -64.31570011499997 -27.69131719899997, -64.31565646299998 -27.691133153999942, -64.31561604499996 -27.690962741999954, -64.31523183599995 -27.69054008599994, -64.31499181299995 -27.689100028999974, -64.31466467699994 -27.689343418999954, -64.31395416099997 -27.68986968799993, -64.31346939299993 -27.690179248999982, -64.31260304999995 -27.690485330999934, -64.31272227999995 -27.690778552999973, -64.31250178999994 -27.691032676999953, -64.31225165499995 -27.69130034799997, -64.31186598899995 -27.691449916999943, -64.31012912999995 -27.692010223999944, -64.31019459199996 -27.69250040999998, -64.31027210499997 -27.69275171199996, -64.31042522899997 -27.693095152999945, -64.31060720599999 -27.693358730999933, -64.31096577299996 -27.69343492699994, -64.31114790999999 -27.693711766999968, -64.31135699699996 -27.693749582999942, -64.31168576399995 -27.693826058999946, -64.31202943299996 -27.693902392999973)))",IGN03
areas_de_actividad_agropecuaria_AL270.1354,1354,2,Establecimiento Agropecuario,,,,IGN,-1,"MULTIPOLYGON (((-64.31822043099999 -27.71246640499993, -64.31841500199994 -27.712850943999968, -64.31847216999995 -27.713091893999945, -64.31839570999995 -27.713503163999974, -64.31834754399995 -27.714010762999976, -64.31848494799993 -27.714154349999944, -64.31995766399996 -27.71476819999998, -64.32058665999995 -27.715172740999947, -64.32113309899995 -27.71548146999993, -64.32086875399995 -27.716063579999968, -64.32092592999999 -27.716304528999956, -64.32128273399996 -27.716639215999976, -64.32123312499994 -27.717026080999972, -64.32290223899997 -27.71816930999995, -64.32314206799998 -27.71780477599998, -64.32390355199993 -27.71794239099995, -64.32419676899997 -27.717504894999934, -64.32440829199999 -27.717044031999933, -64.32402638599996 -27.716878639999948, -64.32429217499998 -27.716417256999932, -64.32488034499994 -27.715687143999958, -64.32353654899998 -27.71451667799994, -64.32296035399997 -27.713990897999963, -64.32232931799996 -27.713417340999968, -64.32150981799998 -27.712966327999936, -64.32110254399998 -27.712946065999972, -64.32069056599994 -27.712611041999935, -64.32031245599995 -27.712783826999953, -64.31935750699995 -27.712412280999956, -64.31849709099998 -27.71199753299993, -64.31768369199995 -27.711540036999963, -64.31799930999995 -27.71213041799996, -64.31822043099999 -27.71246640499993)))",IGN03
areas_de_actividad_agropecuaria_AL270.1355,1355,2,Establecimiento Agropecuario,,,,IGN,-1,"MULTIPOLYGON (((-64.46327784999994 -27.717170299999964, -64.46410717599997 -27.719011588999933, -64.46699122599995 -27.719040725999946, -64.46940830799997 -27.719253799999933, -64.46990626699994 -27.718918002999942, -64.47021505799995 -27.719024134999984, -64.47067824699997 -27.719183331999943, -64.47114253799998 -27.719424575999938, -64.47191195199997 -27.71949845399996, -64.47235204499998 -27.717916841999966, -64.46251445299998 -27.712633077999953, -64.46296106399996 -27.713533205999966, -64.46319088499996 -27.715679234999982, -64.46327784999994 -27.717170299999964)))",IGN03
areas_de_actividad_agropecuaria_AL270.1356,1356,2,Establecimiento Agropecuario,,,,IGN,-1,"MULTIPOLYGON (((-64.47600454199994 -27.70826035099998, -64.47739638899998 -27.709374185999934, -64.47854554999998 -27.708976594999967, -64.47904971199995 -27.708906989999946, -64.48005110199995 -27.708254086999943, -64.48047791199997 -27.707799983999962, -64.48111855399998 -27.707150931999934, -64.48198083199998 -27.70688482299994, -64.48472148999997 -27.706791235999958, -64.48027211299996 -27.703544488999967, -64.47682452899994 -27.705413969999938, -64.47713549699995 -27.70568418299996, -64.47499578599997 -27.70690861099996, -64.47554248399996 -27.707383664999952, -64.47600454199994 -27.70826035099998)))",IGN03
areas_de_actividad_agropecuaria_AL270.1357,1357,2,Establecimiento Agropecuario,,,,IGN,-1,"MULTIPOLYGON (((-64.44787216699996 -27.69188683899995, -64.44742919199996 -27.692667770999947, -64.44653238699993 -27.692239486999938, -64.44562661099997 -27.69286761899997, -64.44590636199996 -27.693029441999954, -64.44718154799995 -27.69413818399994, -64.44964834799998 -27.695177746999946, -64.45099188799998 -27.69415707899998, -64.44941850099997 -27.69307287299995, -64.44787216699996 -27.69188683899995)))",IGN03
areas_de_actividad_agropecuaria_AL270.1358,1358,2,Establecimiento Agropecuario,,,,IGN,-1,"MULTIPOLYGON (((-64.30057072499994 -27.79830177699995, -64.30034837999995 -27.798519282999962, -64.29970857799998 -27.79809508699998, -64.29964048999994 -27.798179519999962, -64.29898066799996 -27.79899772899995, -64.30198336899997 -27.800828560999946, -64.30232908299996 -27.800390868999955, -64.30353539599997 -27.79879697599995, -64.30327257899995 -27.798522496999965, -64.30283712399995 -27.79828041999997, -64.30255811099994 -27.798098411999945, -64.30229658199994 -27.797931624999933, -64.30201793699996 -27.797780385999943, -64.30173984399994 -27.79767530099997, -64.30154953599998 -27.797677093999937, -64.30134266199997 -27.797740589999933, -64.30117075399994 -27.797834528999942, -64.30091307599997 -27.797990820999928, -64.30072404999999 -27.79810030699997, -64.30057072499994 -27.79830177699995)))",IGN03
areas_de_actividad_agropecuaria_AL270.1359,1359,2,Establecimiento Agropecuario,,,,IGN,-1,"MULTIPOLYGON (((-64.29779118699997 -27.78734756399996, -64.29775351099994 -27.787466923999943, -64.29723475299994 -27.78796472299996, -64.29682581899993 -27.78835713099994, -64.29814898699993 -27.789378727999974, -64.29884440199999 -27.78990154199994, -64.30026743999997 -27.788811093999982, -64.30012703299997 -27.78864316199997, -64.29923910099996 -27.788174529999935, -64.30001298799993 -27.787782584999945, -64.29968229199994 -27.787616442999933, -64.30038844199998 -27.78734822599995, -64.30046459599998 -27.787932200999933, -64.30069149799994 -27.78809931799998, -64.30084407699997 -27.787836308999943, -64.30134923199995 -27.78812389799998, -64.30164926999998 -27.78776937699996, -64.30196013399996 -27.787402062999945, -64.30130555199997 -27.78700391899997, -64.30108432099996 -27.786880182999937, -64.30036122599995 -27.78647574799993, -64.29874844599993 -27.785618856999974, -64.29865136999996 -27.78554451699995, -64.29820261899994 -27.785291110999935, -64.29796866299995 -27.785170765999965, -64.29783457599996 -27.785101792999967, -64.29752195299994 -27.784940980999977, -64.29749790399995 -27.784929171999977, -64.29705495999997 -27.78471166999998, -64.29698091199998 -27.784672976999957, -64.29602955199994 -27.786221764999937, -64.29736642799998 -27.787066994999975, -64.29775763299995 -27.78731216099993, -64.29779118699997 -27.78734756399996)))",IGN03
areas_de_actividad_agropecuaria_AL270.1360,1360,2,Establecimiento Agropecuario,,,,IGN,-1,"MULTIPOLYGON (((-64.34978989599995 -27.76442255799998, -64.34943511599994 -27.764536917999976, -64.34920361899998 -27.76453917699996, -64.34902808399994 -27.76474683999993, -64.34906565199998 -27.76490489699995, -64.34867681599997 -27.76514632599998, -64.34851908699994 -27.76535381599996, -64.34841477999998 -27.765560782999955, -64.34839911999995 -27.765735201999973, -64.34841888099999 -27.765893431999928, -64.34838599999995 -27.766115544999934, -64.34819265199997 -27.76632338199994, -64.34801769899997 -27.766578564999975, -64.34909456699995 -27.76724927999993, -64.34993015499998 -27.766077890999952, -64.35048338999997 -27.765285485999982, -64.35074112299998 -27.76501527499994, -64.35056167799996 -27.764906131999965, -64.35031198299998 -27.764876885999968, -64.34993606999996 -27.764722134999943, -64.35007559699994 -27.764483136999957, -64.34978989599995 -27.76442255799998)))",IGN03
areas_de_actividad_agropecuaria_AL270.1361,1361,2,Establecimiento Agropecuario,,,,IGN,-1,"MULTIPOLYGON (((-64.35243471699994 -27.76698350299995, -64.35209431999994 -27.767869505999954, -64.35173678999996 -27.767762105999964, -64.35150450399993 -27.76770100899995, -64.35121703299995 -27.767497867999964, -64.35117828599994 -27.767244769999934, -64.35092799699999 -27.767168004999974, -64.35071625899997 -27.767328496999937, -64.35045129199995 -27.767505350999954, -64.35029414999997 -27.76776036399997, -64.35196438899999 -27.768884684999932, -64.35276026899999 -27.768433313999935, -64.35321011599996 -27.767318934999935, -64.35243471699994 -27.76698350299995)))",IGN03
areas_de_actividad_agropecuaria_AL270.1362,1362,2,Establecimiento Agropecuario,,,,IGN,-1,"MULTIPOLYGON (((-64.34266326699998 -27.76439609299996, -64.34488652999994 -27.765405044999966, -64.34487144799994 -27.765626984999983, -64.34514168099997 -27.765877832999934, -64.34564380299997 -27.766158107999956, -64.34605572099997 -27.76634420599993, -64.34628663699993 -27.76629442999996, -64.34640914599998 -27.76611897199996, -64.34647784299995 -27.76591235199993, -64.34663557699997 -27.765704864999975, -64.34591664299995 -27.765173226999934, -64.34594816499998 -27.764840230999937, -64.34537480799997 -27.764519393999933, -64.34514117699996 -27.764388656999984, -64.34491318599999 -27.764676037999948, -64.34307208399997 -27.76363401599997, -64.34063329999998 -27.76225365099998, -64.34095232299995 -27.763207423999972, -64.34266326699998 -27.76439609299996)))",IGN03
areas_de_actividad_agropecuaria_AL270.1363,1363,2,Establecimiento Agropecuario,,,,IGN,-1,"MULTIPOLYGON (((-64.37125415499997 -27.77869057099997, -64.37058299599994 -27.77843373899998, -64.37043390099996 -27.777907142999936, -64.37057081599994 -27.77746220299997, -64.37047265499996 -27.777209700999947, -64.37020774599995 -27.776916606999976, -64.36990063999997 -27.777046388999963, -64.36952361699997 -27.77728247899995, -64.36919381999996 -27.777496975999952, -64.36888670999997 -27.77762675599996, -64.36841549199994 -27.777927143999932, -64.36832209499994 -27.778054806999933, -64.36851444199993 -27.778243008999937, -64.36816115899995 -27.77847885999995, -64.36825905099994 -27.778710242999978, -64.36866643799993 -27.779001930999982, -64.36888226899998 -27.77916877599995, -64.36919573199998 -27.779545884999948, -64.36924613499997 -27.77977773799995, -64.36924878099995 -27.77998894199993, -64.36872926699994 -27.780226440999968, -64.36839840299996 -27.780356455999936, -64.36809049099998 -27.780422872999964, -64.36816463899999 -27.78065449099995, -64.36830738199995 -27.780674200999954, -64.36889893099993 -27.78049935799993, -64.36901925099994 -27.780624904999968, -64.36883403899998 -27.781006951999927, -64.36890633599995 -27.78109072799998, -64.36923720299995 -27.780960712999956, -64.36954194099997 -27.780640847999962, -64.36989390399998 -27.78029939199996, -64.37025036599994 -27.78031698099994, -64.37034746999996 -27.78048500099993, -64.37070525699994 -27.780608190999942, -64.37115697099995 -27.780645955999944, -64.37144245999997 -27.78068536899997, -64.37197109899995 -27.780763905999947, -64.37199707699995 -27.780129802999966, -64.37192353099994 -27.77967778699997, -64.37161208799995 -27.77919794899998, -64.37120150099997 -27.77893037599995, -64.37125415499997 -27.77869057099997)))",IGN03
areas_de_actividad_agropecuaria_AL270.1364,1364,2,Establecimiento Agropecuario,,,,IGN,-1,"MULTIPOLYGON (((-64.29920861299996 -27.71387232199993, -64.29959040299997 -27.71428797799996, -64.29992608799995 -27.714787911999963, -64.30026127799994 -27.715245926999955, -64.30040855499993 -27.715747629999953, -64.30083845499996 -27.716246677999948, -64.30136107299995 -27.71661907999993, -64.30155346999999 -27.716952661999983, -64.30202948799996 -27.717367423999974, -64.30264781899996 -27.71786469099993, -64.30302764299995 -27.718112658999928, -64.30335836999996 -27.71819339299998, -64.30391664199993 -27.717601199999933, -64.30457460199995 -27.71746922799997, -64.30405897799994 -27.716983892999963, -64.30388395399996 -27.716459802999964, -64.30484544299998 -27.715699684999947, -64.30475792899995 -27.715437639999948, -64.30169913899994 -27.713701456999956, -64.30050842299994 -27.712924038999972, -64.29920861299996 -27.71387232199993)))",IGN03
areas_de_actividad_agropecuaria_AL270.1365,1365,2,Establecimiento Agropecuario,,,,IGN,-1,"MULTIPOLYGON (((-64.21666669999996 -27.83333330499994, -64.22196672099994 -27.833333366999966, -64.22137653099998 -27.833005629999946, -64.22102152599996 -27.83280932399998, -64.21886162699997 -27.831427382999948, -64.21759711699997 -27.830695546999948, -64.21749761099994 -27.830781203999948, -64.21740009199993 -27.830860773999973, -64.21512999799995 -27.83333334899993, -64.21666669999996 -27.83333330499994)))",IGN03
areas_de_actividad_agropecuaria_AL270.1366,1366,2,Establecimiento Agropecuario,,,,IGN,-1,"MULTIPOLYGON (((-64.20330089099997 -27.75251011299997, -64.19907102399998 -27.75480467999995, -64.19867375499996 -27.75543391599996, -64.20843521699999 -27.761349510999935, -64.21079344199995 -27.762652999999943, -64.21234446799997 -27.76213583799995, -64.21473774999998 -27.763550005999946, -64.21621917699997 -27.761558759999957, -64.21178624799995 -27.758921718999943, -64.21139084199996 -27.759799791999967, -64.21068843699999 -27.759984991999943, -64.20993967699997 -27.760528689999944, -64.20841988799998 -27.759601980999946, -64.20866008199994 -27.75857035699994, -64.20780130699995 -27.758264527999984, -64.20895408999996 -27.757236792999947, -64.20497844499994 -27.75487138699998, -64.20554855199998 -27.753756187999954, -64.20739474099997 -27.754837428999963, -64.20770795399994 -27.75502086199998, -64.21756575299997 -27.76079335299994, -64.21826456699995 -27.759993979999933, -64.22097200099995 -27.76165705799997, -64.22241454699997 -27.75979974699993, -64.22257561599997 -27.75959413499993, -64.22208150199998 -27.759328454999945, -64.21853982099998 -27.757424043999947, -64.21905919699998 -27.755867722999938, -64.21669149199994 -27.75466996399996, -64.21534849199998 -27.753990546999944, -64.21547271199995 -27.753094216999955, -64.21155695999994 -27.750860641999964, -64.21081843199994 -27.750807426999984, -64.20967809199993 -27.750817406999943, -64.20779977499996 -27.74997738899998, -64.20685340399996 -27.75052597299998, -64.20688270599999 -27.750545022999972, -64.20672372699994 -27.750633063999942, -64.20519041699998 -27.75149977999996, -64.20518853599998 -27.751500843999963, -64.20343099499996 -27.752448154999968, -64.20330089099997 -27.75251011299997)))",IGN03
areas_de_actividad_agropecuaria_AL270.1367,1367,2,Establecimiento Agropecuario,,,,IGN,-1,"MULTIPOLYGON (((-64.08241551499998 -27.74224287499993, -64.08210238899994 -27.742774088999965, -64.08183040099993 -27.74317278999996, -64.08168351399996 -27.743343898999967, -64.08158056699995 -27.743665739999983, -64.08156922899997 -27.74466670499993, -64.08166457199997 -27.745723487999953, -64.08167016899995 -27.746289976999947, -64.08137750599997 -27.746745491999945, -64.08112710299997 -27.747181791999935, -64.08083126599996 -27.74731629599995, -64.08090109199998 -27.747938936999958, -64.07920293899997 -27.747933312999976, -64.07920106999995 -27.74664513999994, -64.07852211299996 -27.74682347099997, -64.07836280199996 -27.748406776999957, -64.07935784199998 -27.748574175999977, -64.07900985899994 -27.75203274499995, -64.08079540099993 -27.752283182999975, -64.08063808899993 -27.753549669999984, -64.08337862599996 -27.753773724999974, -64.08338564699994 -27.752338452999936, -64.08404363399995 -27.75233329699995, -64.08412292499997 -27.75176614399993, -64.08612091199996 -27.752033732999962, -64.08611807599993 -27.745329783999978, -64.08682184299994 -27.745664175999934, -64.08697138899998 -27.743623481999975, -64.08751720299995 -27.743014889999984, -64.08800759699994 -27.743237646999944, -64.08838361599999 -27.742630385999973, -64.08878911499994 -27.74285380799995, -64.08954353199994 -27.74180800299996, -64.08641436699997 -27.739995675999978, -64.08539581799994 -27.73875030399995, -64.08254699999998 -27.740176961999964, -64.08265712799994 -27.74091907199994, -64.08241551499998 -27.74224287499993)))",IGN03
areas_de_actividad_agropecuaria_AL270.1399,1399,2,Establecimiento Agropecuario,,,,IGN,-1,"MULTIPOLYGON (((-59.10452215999999 -34.449810439999965, -59.107422360999976 -34.45103939699993, -59.107714587999965 -34.45064739999998, -59.108730202999936 -34.44928504599994, -59.106165320999935 -34.44779468499996, -59.10482600599994 -34.44940410999993, -59.10452215999999 -34.449810439999965)))",Esri-World_Imagery 2010
areas_de_actividad_agropecuaria_AL270.1400,1400,2,Establecimiento Agropecuario,,,,IGN,-1,"MULTIPOLYGON (((-59.10138747999997 -34.45409077399995, -59.104149603999986 -34.45542949999998, -59.10639246399995 -34.452420908999954, -59.10362318799997 -34.451012624999976, -59.10138747999997 -34.45409077399995)))",Esri-World_Imagery 2010
areas_de_actividad_agropecuaria_AL270.1401,1401,2,Establecimiento Agropecuario,,,,IGN,-1,"MULTIPOLYGON (((-59.10044878599996 -34.46696454299996, -59.10260716199997 -34.46807832099995, -59.103004314999964 -34.46750550399997, -59.10378585999996 -34.466378274999954, -59.10171572899998 -34.465259928999956, -59.10101752299994 -34.46619933299996, -59.10067018099994 -34.46666666699997, -59.10044878599996 -34.46696454299996)))",Esri-World_Imagery 2010
areas_de_actividad_agropecuaria_AL270.1402,1402,2,Establecimiento Agropecuario,,,,IGN,-1,"MULTIPOLYGON (((-59.09853392499997 -34.46299840199998, -59.10209644299994 -34.464760241999954, -59.102976842999965 -34.46361810099995, -59.09946133899996 -34.46174899199997, -59.09853392499997 -34.46299840199998)))",Esri-World_Imagery 2010
areas_de_actividad_agropecuaria_AL270.1403,1403,2,Establecimiento Agropecuario,,,,IGN,-1,"MULTIPOLYGON (((-59.080265777999955 -34.48546762999996, -59.08110731299996 -34.48617012899996, -59.082465888999934 -34.48439079499997, -59.08187013899993 -34.48406179899996, -59.07768317299997 -34.48174959299996, -59.07710163499996 -34.482477433999975, -59.07720696699994 -34.48262079099993, -59.07815875199998 -34.48366775299996, -59.079990936999934 -34.485238197999934, -59.08019734299995 -34.48541050199998, -59.080265777999955 -34.48546762999996)))",Esri-World_Imagery 2010
areas_de_actividad_agropecuaria_AL270.1368,1368,2,Establecimiento Agropecuario,,,,IGN,-1,"MULTIPOLYGON (((-64.22116310999996 -27.781592282999952, -64.22068177899996 -27.78182609199996, -64.21993884399996 -27.78174656799996, -64.21987912699996 -27.782177512999965, -64.22059364899997 -27.78260162199996, -64.22156689899998 -27.78308082799998, -64.22192496699995 -27.783364607999943, -64.22193009899996 -27.78382367399996, -64.22173942399996 -27.78408361099997, -64.22109485699997 -27.784146696999983, -64.22038320599995 -27.78398081699993, -64.21912473099997 -27.783963230999973, -64.21816459399997 -27.78466036599997, -64.21768707799998 -27.785238464999964, -64.21753376499998 -27.78595717899998, -64.21850671199996 -27.78640771499994, -64.21948062799999 -27.78694431799994, -64.21990610899996 -27.787485757999946, -64.21988057399994 -27.78808856699993, -64.22062611599995 -27.788397621999934, -64.22198046299997 -27.788328261999936, -64.22310865699995 -27.788232195999967, -64.22336707099998 -27.788258602999974, -64.22330897099994 -27.788833006999937, -64.22408935999994 -27.789371288999973, -64.22476911099994 -27.789566126999944, -64.22537854899997 -27.78924508399996, -64.22612089399996 -27.789267192999944, -64.22653417899994 -27.788718329999938, -64.22643063199996 -27.78811666599995, -64.22642547999993 -27.787657600999978, -64.22693167699998 -27.786763578999967, -64.22721880399996 -27.786474084999952, -64.22812533699994 -27.786752974999956, -64.22880765899998 -27.78717732399997, -64.22974839999995 -27.787628065999968, -64.23065300899998 -27.787734788999956, -64.23175858599996 -27.78728174899993, -64.23178219899995 -27.787265954999953, -64.23182561799996 -27.787233346999983, -64.23182341699999 -27.78717268799994, -64.23179895599998 -27.78711445899995, -64.23181909599998 -27.787062959999957, -64.23183151699993 -27.78695248799994, -64.23187584399994 -27.786881979999976, -64.23194284399995 -27.786787471999958, -64.23197775199998 -27.786718054999938, -64.23200211999995 -27.786635343999933, -64.23211112499996 -27.786569474999965, -64.23218252399994 -27.78652649099996, -64.23218240399996 -27.78647480199993, -64.23218498599994 -27.78639409899995, -64.23222720099994 -27.78633906999994, -64.23229885099994 -27.78625158899996, -64.23241249899996 -27.786127180999983, -64.23252169199998 -27.785991688999957, -64.23264914699996 -27.78585680699996, -64.23271764599997 -27.785777865999933, -64.23281429799994 -27.785701321999966, -64.23287681099998 -27.785688361999973, -64.23289064199997 -27.78565910599997, -64.23286637499996 -27.78559605399994, -64.23288263099994 -27.78553321499993, -64.23289765899995 -27.78546453699994, -64.23292704299996 -27.785399258999973, -64.23303141999997 -27.78530690499997, -64.23310971799998 -27.78522687399993, -64.23320417999997 -27.785221643999932, -64.23322275499999 -27.78520220799993, -64.23322500399996 -27.785157457999958, -64.23321461399996 -27.785102372999972, -64.23324170599994 -27.78504411499995, -64.23331305399995 -27.78496779799997, -64.23343227699996 -27.784870552999962, -64.23356729099999 -27.784770616999936, -64.23369867299994 -27.784686158999932, -64.23377530899995 -27.784638017999953, -64.23382675999994 -27.784644586999946, -64.23389018099994 -27.78466233599994, -64.23391940899995 -27.78464366999998, -64.23391643399998 -27.784592569999973, -64.23390477599997 -27.78449002499997, -64.23394444099995 -27.78441900499996, -64.23402057699997 -27.784318075999977, -64.23410706299995 -27.784230354999977, -64.23424512299994 -27.78412949099993, -64.23439039999994 -27.78403734799997, -64.23452127199994 -27.783974883999974, -64.23457111299996 -27.783976374999952, -64.23463209799996 -27.783966117999967, -64.23468147899996 -27.783885124999983, -64.23476088599995 -27.78382708999993, -64.23488200599996 -27.78373170699996, -64.23495641699998 -27.783711480999955, -64.23501236599998 -27.783697581999945, -64.23501473699997 -27.78363032799996, -64.23509500699998 -27.78356704999993, -64.23517524399995 -27.783529317999978, -64.23532813299994 -27.783433798999965, -64.23541019499999 -27.78338092599995, -64.23544876199998 -27.78334788999996, -64.23547497199996 -27.783309763999966, -64.23554025099997 -27.78328842899998, -64.23561533699996 -27.78326109799997, -64.23572761699995 -27.783230758999935, -64.23577360099995 -27.783199759999945, -64.23576595299994 -27.783156607999956, -64.23579027599993 -27.78313336599996, -64.23592965499995 -27.782578410999974, -64.23621874699995 -27.78214380199995, -64.23561895399996 -27.781779421999943, -64.23529927699997 -27.78204052999996, -64.23468569699997 -27.78198862499994, -64.23439535999995 -27.781991217999973, -64.23397857599997 -27.78222449699996, -64.23320596199994 -27.78237486599994, -64.23258979199994 -27.782093418999978, -64.23184490899996 -27.781841810999936, -64.23096969999995 -27.781476581999982, -64.23028837499999 -27.781138315999954, -64.22961802799995 -27.78177555999997, -64.22984642699998 -27.78200308299995, -64.23033451999999 -27.782371765999983, -64.23059647399998 -27.78271376699996, -64.23076520399997 -27.783372235999934, -64.23077037299998 -27.783831301999953, -64.23051584499996 -27.784149206999928, -64.22990774199997 -27.784585037999932, -64.22939254299996 -27.784675704999984, -64.22867797499998 -27.784251643999937, -64.22796147799994 -27.783655429999953, -64.22734176899996 -27.783058351999955, -64.22633526999994 -27.782493398999975, -64.22500457699994 -27.781787838999946, -64.22419358699995 -27.78139330299996, -64.22334777499998 -27.780769514999974, -64.22183286599994 -27.780897694999965, -64.22116310999996 -27.781592282999952)))",IGN03
areas_de_actividad_agropecuaria_AL270.1369,1369,2,Establecimiento Agropecuario,,,,IGN,-1,"MULTIPOLYGON (((-64.20001708899997 -27.802925564999953, -64.20071062599993 -27.802944198999967, -64.20156864799998 -27.80278877199993, -64.20225946899996 -27.802560811999967, -64.20247642599998 -27.80211502399993, -64.20263656299994 -27.80154642699995, -64.20277114099997 -27.80117533899994, -64.20296144999998 -27.80082842799993, -64.20212330699997 -27.800268520999964, -64.20078603399998 -27.799712948999968, -64.19970700899995 -27.799944273999984, -64.19904338699996 -27.800122663999957, -64.19857305999994 -27.80022538999998, -64.19774197299995 -27.800306581999962, -64.19688288299994 -27.80036335099993, -64.19602541299997 -27.800568066999972, -64.19569481099995 -27.800768216999984, -64.19761873399995 -27.801713329999927, -64.19834405199998 -27.80210161599996, -64.19881763399997 -27.802294794999966, -64.19929230099996 -27.802586606999967, -64.20001708899997 -27.802925564999953)))",IGN03
areas_de_actividad_agropecuaria_AL270.1370,1370,2,Establecimiento Agropecuario,,,,IGN,-1,"MULTIPOLYGON (((-64.18838354399998 -27.802507555999966, -64.18760456399997 -27.803029977999984, -64.18705546399997 -27.80273133199995, -64.18620594299995 -27.803041995999934, -64.18474995599996 -27.80405559899998, -64.18414940599996 -27.80530454899997, -64.18336611099994 -27.805432607999933, -64.18234993199997 -27.806108715999983, -64.18114983799995 -27.806849238999973, -64.18025848699995 -27.808310837999954, -64.17989470099997 -27.809375725999928, -64.17946365999995 -27.810532197999976, -64.17909494599996 -27.811142077999932, -64.17924287499994 -27.812202594999974, -64.17944427599997 -27.813204524999946, -64.18073300199995 -27.813945501999967, -64.18118955499995 -27.81349484599997, -64.18121221899997 -27.813026090999983, -64.18122939799997 -27.812899503999972, -64.18139609899998 -27.812548228999958, -64.18187531499996 -27.81195999099998, -64.18225460499997 -27.81195674399993, -64.18250500399995 -27.81202858299997, -64.18255127199996 -27.811995613999954, -64.18265279499997 -27.81202174999993, -64.18319831499997 -27.81198674099994, -64.18373659899999 -27.811284387999933, -64.18420894999997 -27.81079495299997, -64.18444675499995 -27.81039824499993, -64.18484492299996 -27.810405555999978, -64.18497716299999 -27.80981255599994, -64.18499365599996 -27.80877664899998, -64.18545198599998 -27.807564321999962, -64.18566795099997 -27.807019924999963, -64.18583696799993 -27.806514164999953, -64.18659582699996 -27.805630933999964, -64.18904513099994 -27.803883593999956, -64.18838354399998 -27.802507555999966)))",IGN03
areas_de_actividad_agropecuaria_AL270.1371,1371,2,Establecimiento Agropecuario,,,,IGN,-1,"MULTIPOLYGON (((-64.14873482899998 -27.816795336999974, -64.14908425299996 -27.816989285999966, -64.15108674599998 -27.811756078999963, -64.15154142899996 -27.810567765999963, -64.15215294699993 -27.810319970999956, -64.14507935599994 -27.80601030799994, -64.14561977199998 -27.805490100999975, -64.14537270299996 -27.804703393999944, -64.14550183899996 -27.804004575999954, -64.14634321399996 -27.802905470999974, -64.14722282699995 -27.802200420999952, -64.14745524399996 -27.801591753999958, -64.14679850299996 -27.800778114999957, -64.14582648799995 -27.79917832999996, -64.14520006999999 -27.79800038899998, -64.14737078699994 -27.796799239999928, -64.14722892699996 -27.796284691999972, -64.14681131499998 -27.79549940199996, -64.14632803399996 -27.794957349999947, -64.14637333999997 -27.79277272199994, -64.14619897099993 -27.792410126999982, -64.13957209899996 -27.788278453999965, -64.12467921399997 -27.796257757999967, -64.12547283699996 -27.797131065999963, -64.13036225799993 -27.80016004999993, -64.13335450799997 -27.80201356799995, -64.13726701199994 -27.80443693199993, -64.13843578199999 -27.80516081199994, -64.13995410299998 -27.80610115899998, -64.14204086699993 -27.807393504999936, -64.14301903199998 -27.807999266999957, -64.14177296199995 -27.809556750999946, -64.13971504299997 -27.81178833699994, -64.14873482899998 -27.816795336999974)))",IGN03
areas_de_actividad_agropecuaria_AL270.1372,1372,2,Establecimiento Agropecuario,,,,IGN,-1,"MULTIPOLYGON (((-64.15747189599995 -27.816841108999938, -64.15885401099996 -27.816863644999955, -64.15927494499994 -27.816740661999972, -64.15977336699996 -27.81668528299997, -64.16015909599997 -27.816330234999953, -64.16097078299998 -27.81558309999997, -64.15966390599993 -27.81451655799998, -64.15875979799995 -27.813981766999973, -64.15701587699994 -27.81674271399993, -64.15747189599995 -27.816841108999938)))",IGN03
areas_de_actividad_agropecuaria_AL270.1373,1373,2,Establecimiento Agropecuario,,,,IGN,-1,"MULTIPOLYGON (((-64.21911498199995 -27.826375006999967, -64.21859543899996 -27.82644126599996, -64.21808105799994 -27.82697002499998, -64.21752958199994 -27.82728325499994, -64.21670132999998 -27.82766059399995, -64.21597733099998 -27.82795433299998, -64.21630855099994 -27.82814908499995, -64.21688560199993 -27.82848837599994, -64.21709500799994 -27.828611499999965, -64.21747459999995 -27.828833258999964, -64.21799319299998 -27.829136218999963, -64.21804865199994 -27.829168617999983, -64.21884738299997 -27.829635224999947, -64.21889899599995 -27.829596503999937, -64.21909807399999 -27.829715490999945, -64.21928756599993 -27.829403157999934, -64.21972718999996 -27.82916800099997, -64.22022090499996 -27.829117382999982, -64.22068964299996 -27.829159492999963, -64.22099816599996 -27.828832981999938, -64.22107180199998 -27.828439166999942, -64.22109496699994 -27.828184561999933, -64.22142794499996 -27.827719070999933, -64.22178874499997 -27.827415222999946, -64.22246142399996 -27.82708548499994, -64.22277278699994 -27.827013345999944, -64.22290465999998 -27.827174067999977, -64.22334711899998 -27.827193274999956, -64.22376226999995 -27.82709708699997, -64.22388921499999 -27.82681843399996, -64.22398911099998 -27.82644751199996, -64.22409134099996 -27.82628471399994, -64.22390770399994 -27.82614757799996, -64.22353991199998 -27.82582705699997, -64.22379769199995 -27.82561662699993, -64.22423573399993 -27.825242705999983, -64.22441962899995 -27.825402965999956, -64.22512530999995 -27.825697358999946, -64.22560203799998 -27.825351642999976, -64.22620675099995 -27.825028129999964, -64.22667047999994 -27.824896752999962, -64.22754390499995 -27.824602659999982, -64.22788311099998 -27.824536013999932, -64.23217036499994 -27.82709067999997, -64.23243981599995 -27.82676926499994, -64.23214306799997 -27.826412311999945, -64.23212571299996 -27.826401803999943, -64.23148229399993 -27.826012213999945, -64.23147487399996 -27.82600772099994, -64.23083263399997 -27.82561941399996, -64.23052177799997 -27.825442778999957, -64.23018166099996 -27.82524951399995, -64.22950999099999 -27.82486784799994, -64.22866251199997 -27.82438627199997, -64.22855175099994 -27.824275014999955, -64.22759666099995 -27.823703054999953, -64.22774463299999 -27.823669380999945, -64.22794832099999 -27.823592152999936, -64.22857611799998 -27.823192441999936, -64.22873879399998 -27.823087570999974, -64.22772901799993 -27.82251097699998, -64.22659195499995 -27.821861685999977, -64.22604156599994 -27.821547393999936, -64.22624846999997 -27.820561230999942, -64.22627600999994 -27.82042996699994, -64.22631066199995 -27.820288352999967, -64.22644304299996 -27.819747346999975, -64.22508506799994 -27.81901242699996, -64.22541714199997 -27.818138718999933, -64.22388432199995 -27.817298767999944, -64.22367886099994 -27.81715137699996, -64.22141848399997 -27.815865904999953, -64.22006886699995 -27.815519866999978, -64.21947789499995 -27.816172653999956, -64.21989636699993 -27.81637710299998, -64.21984822599995 -27.816724438999984, -64.21964402699996 -27.817073151999978, -64.21943956899997 -27.817398740999977, -64.21941743499997 -27.81774584699997, -64.21999093799997 -27.817856416999973, -64.22082255299995 -27.817787392999946, -64.22144885199998 -27.817966872999932, -64.22204323499994 -27.818393322999952, -64.22216933599998 -27.81850322799994, -64.22217836999994 -27.818511101999945, -64.22260363399994 -27.818881744999942, -64.22291989699994 -27.81924897999994, -64.22302842799996 -27.819648892999965, -64.22289523699993 -27.820143454999936, -64.22283278599997 -27.820760735999954, -64.22071632999996 -27.81972507699993, -64.22028973799996 -27.82027853099993, -64.22290064899994 -27.82154718099997, -64.22266352699995 -27.822456255999953, -64.22223939799994 -27.823229565999952, -64.22175282499995 -27.82394845999994, -64.22095559599995 -27.824532678999958, -64.22049284999997 -27.824619222999956, -64.21969990999997 -27.82558817399996, -64.21911498199995 -27.826375006999967)))",IGN03
areas_de_actividad_agropecuaria_AL270.1374,1374,2,Establecimiento Agropecuario,,,,IGN,-1,"MULTIPOLYGON (((-64.24999996999998 -27.852663036999957, -64.25000001399997 -27.858333294999966, -64.25000000699998 -27.861065974999974, -64.25310384399995 -27.862224639999965, -64.25328303899994 -27.861383745999944, -64.25476300599996 -27.861974560999954, -64.25586900799993 -27.859614550999936, -64.25928216399996 -27.860791973999937, -64.26030659099996 -27.86118546499995, -64.26158481599998 -27.858602059999953, -64.26079839499994 -27.858294506999982, -64.25731958299997 -27.856930168999952, -64.25737674099997 -27.85639933599998, -64.25652266599997 -27.856029470999943, -64.25616673299999 -27.857110708999983, -64.25508084799998 -27.85664044799995, -64.25447090499995 -27.856350624999948, -64.25162997599995 -27.85528445899996, -64.25261180599995 -27.853701074999947, -64.24999996999998 -27.852663036999957)), ((-64.25000000899996 -27.87380890099996, -64.25059331499995 -27.873862865999968, -64.25072937299996 -27.872552377999966, -64.25000000499995 -27.871917320999955, -64.25000000899996 -27.87380890099996)), ((-64.25000004499998 -27.884208566999973, -64.25000003699995 -27.885668564999946, -64.25041218499996 -27.884405671999957, -64.25000004499998 -27.884208566999973)))",IGN03
areas_de_actividad_agropecuaria_AL270.1375,1375,2,Establecimiento Agropecuario,,,,IGN,-1,"MULTIPOLYGON (((-64.24004975699995 -27.88614623899997, -64.23957159299994 -27.88729843799996, -64.23788835199997 -27.886489017999963, -64.23658847699994 -27.888990493999984, -64.23887787499996 -27.890295676999983, -64.23933237399996 -27.89025925599998, -64.24068135799996 -27.890473465999946, -64.24175182299996 -27.88860455599996, -64.24325003999996 -27.88914074799993, -64.24344592899996 -27.888767127999984, -64.24310575499999 -27.88848636499995, -64.24322856899994 -27.88791041099995, -64.24084521899994 -27.886935483999935, -64.24094623699995 -27.88657469599997, -64.24004975699995 -27.88614623899997)))",IGN03
areas_de_actividad_agropecuaria_AL270.1376,1376,2,Establecimiento Agropecuario,,,,IGN,-1,"MULTIPOLYGON (((-64.23181776399997 -27.90342852499998, -64.22965394399995 -27.906964709999954, -64.22875144699998 -27.906555813999944, -64.22797369899996 -27.90815802299994, -64.22415703699994 -27.906288531999962, -64.22343370499993 -27.90729200499993, -64.22423457599996 -27.907738094999957, -64.22122970099997 -27.912731874999963, -64.22029506499996 -27.914915535999967, -64.21976322599994 -27.915980051999952, -64.21946100499997 -27.916584960999955, -64.21895775899998 -27.917592212999978, -64.22051718799997 -27.918339784999944, -64.22017001999996 -27.920137545999978, -64.22298467099995 -27.921229292999953, -64.22834898299993 -27.923309777999975, -64.22914201099996 -27.919441417999963, -64.22975677099998 -27.91425129499993, -64.23006059299996 -27.910441677999984, -64.23049165199996 -27.908860682999943, -64.23099396799995 -27.908167327999934, -64.23339444699997 -27.90930605799997, -64.23391426999996 -27.90835874199996, -64.23335060099998 -27.90723984599998, -64.23195489699998 -27.906527207999943, -64.23345744899996 -27.90406646899993, -64.23181776399997 -27.90342852499998)))",IGN03
areas_de_actividad_agropecuaria_AL270.1377,1377,2,Establecimiento Agropecuario,,,,IGN,-1,"MULTIPOLYGON (((-64.21935423399998 -27.838320757999952, -64.21846003099995 -27.83952721199995, -64.21842120999997 -27.839579586999946, -64.22013417599999 -27.84071814799995, -64.21985136399996 -27.84176798699997, -64.22123317099994 -27.842410349999966, -64.22181294499995 -27.841576075999967, -64.22329342899997 -27.842261183999938, -64.22363166299994 -27.841778155999975, -64.22366899799994 -27.840730487999963, -64.22380695599998 -27.83990012299995, -64.22438865899994 -27.839240377999943, -64.22512986899994 -27.839670189999936, -64.22556871299997 -27.83940445899998, -64.22600706499998 -27.83909509199998, -64.22699224499996 -27.83939180999994, -64.22802848199996 -27.839862620999952, -64.22833087099997 -27.84055815399995, -64.22804420799997 -27.841258928999935, -64.23027776099997 -27.84294323399996, -64.22860222199995 -27.84548284599998, -64.22651499899996 -27.84933519799995, -64.22581597899995 -27.848967951999953, -64.22534932899998 -27.84910350599995, -64.22506240999996 -27.84908057499996, -64.22407703899995 -27.85030024499997, -64.22546946299997 -27.85126481599997, -64.22534260399993 -27.851498938999953, -64.22504152099998 -27.85359349199996, -64.22648033599995 -27.858846468999957, -64.22708822099997 -27.862375612999983, -64.22784464699998 -27.86467715799995, -64.22811089199996 -27.866694527999982, -64.22773598799995 -27.869438942999977, -64.23181692799994 -27.871422286999973, -64.23524951399997 -27.87348345099997, -64.23488778399997 -27.881189378999977, -64.24154269099995 -27.88555098699993, -64.24228865399994 -27.884270639999954, -64.24939025299994 -27.887536999999952, -64.25000003699995 -27.885668564999946, -64.25000004499998 -27.884208566999973, -64.24524563799997 -27.881934643999955, -64.24667510399996 -27.878094674999943, -64.24666895299998 -27.877557600999978, -64.24575927699993 -27.877297257999942, -64.24547142799997 -27.875252049999972, -64.24636456399998 -27.874069006999946, -64.24761264199998 -27.874192002999962, -64.24790829399996 -27.873618626999928, -64.25000000899996 -27.87380890099996, -64.25000000499995 -27.871917320999955, -64.24924119299993 -27.871256613999947, -64.24846726299995 -27.869652231999964, -64.24832547299997 -27.867169287999957, -64.24868208599997 -27.86202974699995, -64.24862801099994 -27.86055377799994, -64.25000000699998 -27.861065974999974, -64.25000001399997 -27.858333294999966, -64.24999996999998 -27.852663036999957, -64.24199210299997 -27.849479981999934, -64.23233405099995 -27.844090799999947, -64.23267541599995 -27.84358637799994, -64.23215907399998 -27.84323047199996, -64.23255989899997 -27.84280944799997, -64.23298206499999 -27.84238823299995, -64.23318799699996 -27.841722277999963, -64.23324730799993 -27.841304304999937, -64.23366345599999 -27.84035185099998, -64.23165906399998 -27.838962133999928, -64.23082931199997 -27.83848833099995, -64.23019831799996 -27.838128015999928, -64.22958825299997 -27.837779645999944, -64.22904955899998 -27.83747202799998, -64.22896331699997 -27.837421612999947, -64.22832259099994 -27.837047060999964, -64.22771792599997 -27.836693582999942, -64.22709561699997 -27.836329786999954, -64.22646493999997 -27.83596109299998, -64.22577860399997 -27.83555985499993, -64.22509412799997 -27.835159809999936, -64.22446877499993 -27.834794313999964, -64.22385604299996 -27.834436189999963, -64.22323202099994 -27.83407146099995, -64.22260410799998 -27.83370445299994, -64.22196672099994 -27.833333366999966, -64.21666669999996 -27.83333330499994, -64.21512999799995 -27.83333334899993, -64.21488110199994 -27.833604435999973, -64.21596390499997 -27.83444899999995, -64.21659308399995 -27.83481478699997, -64.21722346099995 -27.83518126699994, -64.21760740199994 -27.835404473999972, -64.21785115799997 -27.83554704499994, -64.21819989399995 -27.83575101599996, -64.21847078899998 -27.835909456999957, -64.21910097199998 -27.836278035999953, -64.22033381399996 -27.83699907999994, -64.21935423399998 -27.838320757999952)))",IGN03
areas_de_actividad_agropecuaria_AL270.1378,1378,2,Establecimiento Agropecuario,,,,IGN,-1,"MULTIPOLYGON (((-64.10996226499998 -27.914879995999968, -64.10932693399997 -27.91609645799997, -64.11014450899995 -27.917003698999963, -64.10915656299994 -27.917403297999954, -64.10875476699994 -27.917634989999954, -64.10778624299996 -27.917882275999943, -64.10833491299996 -27.918976018999956, -64.10804635799997 -27.919670656999983, -64.10501329499994 -27.922703016999947, -64.10738185499997 -27.923577344999956, -64.10731275399996 -27.92494186899995, -64.10686338499994 -27.92564589699998, -64.10653513599993 -27.92601717499997, -64.10591374999996 -27.926132757999937, -64.10579487499996 -27.92668667199996, -64.10555374699999 -27.92746275199994, -64.10539299299995 -27.927980137999953, -64.10460371499994 -27.92791274299998, -64.10432069899997 -27.92865229299997, -64.10428781599995 -27.929500427999983, -64.10387241999996 -27.929466894999962, -64.10333251999998 -27.92943435799998, -64.10287599699996 -27.92943801499996, -64.10250434899996 -27.92962530999995, -64.10221981799998 -27.930217411999934, -64.10159989899995 -27.93048042099997, -64.10130938199995 -27.93048274399996, -64.10089174199999 -27.93022803599996, -64.10035258399995 -27.93026920899996, -64.09960927299994 -27.93064378699995, -64.09915796599995 -27.931163485999946, -64.09916094999994 -27.931458374999977, -64.09891715399993 -27.93197641599994, -64.09858587499997 -27.932052787999964, -64.09834244699994 -27.93260768999994, -64.09772287799996 -27.932907542999942, -64.09789664199997 -27.933432239999945, -64.10014029699994 -27.932819276999965, -64.10212903299998 -27.932109716999946, -64.10368075099996 -27.931095337999977, -64.10456100299996 -27.93232144899997, -64.10344705599994 -27.933717694999928, -64.10319299799994 -27.93433631499994, -64.10518417199995 -27.93491690899998, -64.10526059099993 -27.934485699999982, -64.10558086399993 -27.93419606499998, -64.10577811099995 -27.93372800399993, -64.10528967099998 -27.93337309599997, -64.10579768899998 -27.931682518999935, -64.10563025299996 -27.93110973699993, -64.10498153699996 -27.931007833999956, -64.10468759499997 -27.929789632999928, -64.10596388299996 -27.928164656999968, -64.10653272999997 -27.928483033999953, -64.10649744899996 -27.928985677999947, -64.10682355299997 -27.929270120999945, -64.10735457199996 -27.92983997899995, -64.10780187299997 -27.930123444999936, -64.10816142699997 -27.929725839999946, -64.10880705599993 -27.929648876999977, -64.10984676199996 -27.92859989699997, -64.10947769099994 -27.92806462699997, -64.10756476699999 -27.926680589999933, -64.10712120299996 -27.92646216099996, -64.10739550099998 -27.925928409999983, -64.10787440099995 -27.92535043099997, -64.10848290399997 -27.925596714999983, -64.10912301399998 -27.924981550999973, -64.10859457299995 -27.924662859999955, -64.10911092799995 -27.923797511999965, -64.11024383199998 -27.923967798999968, -64.11035401899994 -27.922890421999966, -64.11083912699996 -27.922922393999954, -64.11079469699996 -27.92252803899993, -64.11014544599993 -27.92224621099996, -64.11021780399994 -27.92142031999998, -64.11240608399999 -27.922084439999935, -64.11281811499998 -27.922870535999948, -64.11322904899998 -27.923548989999972, -64.11391503199997 -27.92347167799994, -64.11407109499999 -27.922932171999946, -64.11524880999997 -27.92353264999997, -64.11536741799995 -27.923280509999984, -64.11516139199995 -27.922887465999963, -64.11515734199997 -27.922492785999964, -64.11535158199996 -27.92173767199995, -64.11514371799996 -27.92116522899994, -64.11473388599995 -27.92059441899994, -64.11484954799994 -27.920055238999964, -64.11403541599998 -27.919451815999935, -64.11314197699994 -27.91899256199997, -64.11341701299995 -27.918236795999974, -64.11389842199998 -27.91790995799994, -64.11268112199997 -27.91700512799997, -64.11342562099998 -27.91606123799994, -64.11228658999994 -27.915300043999935, -64.11176077799996 -27.915505261999954, -64.11119007099995 -27.91500743299997, -64.10996226499998 -27.914879995999968)))",IGN03
areas_de_actividad_agropecuaria_AL270.1379,1379,2,Establecimiento Agropecuario,,,,IGN,-1,"MULTIPOLYGON (((-64.00943706699996 -27.921979722999936, -64.00924946299995 -27.92285018399997, -64.01037304599998 -27.925201037999955, -64.01098105099999 -27.925963814999932, -64.01207447999997 -27.926422799999955, -64.01238175499998 -27.927154421999944, -64.01264961299995 -27.92768618399998, -64.01336751499997 -27.92814791899997, -64.01476172999998 -27.92863802599993, -64.01626550399993 -27.92879372799996, -64.01671960199997 -27.92915731599993, -64.01698686199995 -27.92962235799996, -64.01826375399997 -27.929612921999933, -64.01938948399999 -27.929504518999977, -64.02028549299996 -27.92893079399994, -64.02087854299998 -27.928092445999937, -64.02124656899997 -27.927289120999944, -64.02127722599994 -27.926555013999973, -64.02089635199997 -27.925990748999936, -64.02017216999997 -27.924861935999957, -64.01941420599996 -27.924133667999968, -64.02050514399997 -27.924325738999983, -64.02075508199994 -27.92439202299994, -64.02121319499997 -27.923989157999983, -64.02080478899995 -27.923427540999967, -64.02042555599996 -27.92306747999993, -64.01950464599997 -27.922450160999972, -64.01874796499993 -27.921918710999933, -64.01800586299998 -27.921198454999967, -64.01741002599994 -27.920717525999976, -64.01720094799998 -27.92074960399998, -64.01706187199994 -27.921228363999944, -64.01648081399998 -27.921869981999976, -64.01556874899995 -27.921992588999956, -64.01412461099994 -27.92101826499993, -64.01352678599994 -27.919863884999984, -64.01208485199999 -27.919121278999967, -64.01117226599996 -27.91918591999996, -64.01013353899998 -27.919714992999957, -64.00975296299998 -27.920876564999958, -64.00943706699996 -27.921979722999936)))",IGN03
areas_de_actividad_agropecuaria_AL270.1380,1380,2,Establecimiento Agropecuario,,,,IGN,-1,"MULTIPOLYGON (((-64.09221820699997 -27.950977817999956, -64.09176270399996 -27.951092023999934, -64.09142876699997 -27.950910352999983, -64.09113893499995 -27.950986377999982, -64.09081833699997 -27.952131702999964, -64.09112299499998 -27.953530118999936, -64.09138207299998 -27.954523391999942, -64.09139028599998 -27.95816423499997, -64.09114338099994 -27.959495129999937, -64.09197971699996 -27.960093013999938, -64.09220496099994 -27.96119412099995, -64.09187075199998 -27.962033451999957, -64.09136292699998 -27.96264597499993, -64.09054993899997 -27.96272848199993, -64.09098647399998 -27.96403742299998, -64.09117579699995 -27.96428475299996, -64.09152664599998 -27.965111408999974, -64.09187722199994 -27.96591041599993, -64.09182524399995 -27.96693380199997, -64.09094422399994 -27.969027638999933, -64.09250645099996 -27.969587109999964, -64.09235311599997 -27.97035081499996, -64.09246381999998 -27.97068352499997, -64.09310836499998 -27.970726060999937, -64.09517345299997 -27.97043210099997, -64.09606989899999 -27.96989112999995, -64.09720138899996 -27.969760647999976, -64.09772051799996 -27.96961205699995, -64.09873120899994 -27.969806218999963, -64.09958419899993 -27.970492760999946, -64.10013674399994 -27.97043056299998, -64.10025282499998 -27.96904292299996, -64.09946637999997 -27.968500302999928, -64.09829272499996 -27.96827855799995, -64.09764374999997 -27.968457076999982, -64.09745496099998 -27.96909415899995, -64.09680422599996 -27.96909934799993, -64.09610709499998 -27.96841313899995, -64.09581108299994 -27.96795258999998, -64.09576095599994 -27.967544542999974, -64.09590920099998 -27.96703961099996, -64.09596499599996 -27.966225167999937, -64.09534261199997 -27.96476574199994, -64.09506587899995 -27.963149414999975, -64.09468991699998 -27.960300709999956, -64.09491452599997 -27.956753569999933, -64.09575520899995 -27.95404932799994, -64.09581631999998 -27.951505433999955, -64.09516903399998 -27.950877006999974, -64.09476822999994 -27.95063698299998, -64.09339801099998 -27.950559433999956, -64.09221820699997 -27.950977817999956)))",IGN03
areas_de_actividad_agropecuaria_AL270.1381,1381,2,Establecimiento Agropecuario,,,,IGN,-1,"MULTIPOLYGON (((-64.09898498799998 -27.97748662899994, -64.09909882899996 -27.978106387999958, -64.09905376599994 -27.97896613599994, -64.09959200499998 -27.979009576999943, -64.09985264999995 -27.978195849999963, -64.10038458699995 -27.97761867099996, -64.10081478499995 -27.97761522899998, -64.10098338199998 -27.97833003599993, -64.10169313299997 -27.97937471499995, -64.10197123199998 -27.98027961799994, -64.10170671799995 -27.98071142999993, -64.10193104399997 -27.98161676199993, -64.10258656299993 -27.98261412599993, -64.10355795699996 -27.982940541999938, -64.10543870599997 -27.982782206999957, -64.10678313899996 -27.98277139499993, -64.10801562399996 -27.982331778999935, -64.10870935399998 -27.98180100899998, -64.10993595299993 -27.98078849999996, -64.11100071399994 -27.97972954399995, -64.11136931399994 -27.97896266799995, -64.11163231599994 -27.978387618999932, -64.11098456899998 -27.978154134999954, -64.11028060499996 -27.977682381999955, -64.11023456799995 -27.97671334699993, -64.10959248199998 -27.976602137999976, -64.10922767599993 -27.976540418999946, -64.10849621299997 -27.976235938999935, -64.10826068199998 -27.976399123999954, -64.10797632999999 -27.97676372899997, -64.10783578599995 -27.977105862999963, -64.10769698399997 -27.977618483999947, -64.10731247099994 -27.977578954999956, -64.10682780399998 -27.97713528999998, -64.10660719399993 -27.976689500999953, -64.10662619499993 -27.97619915699994, -64.10638027799996 -27.975625693999973, -64.10589431999995 -27.975054160999946, -64.10526716699997 -27.974760824999976, -64.10466619299996 -27.974680400999944, -64.10372764099998 -27.974453495999967, -64.10355418899996 -27.973922070999947, -64.10340495999998 -27.97341176499998, -64.10332904499995 -27.973028745999954, -64.10284203199996 -27.97235064599994, -64.10218786599995 -27.971759134999957, -64.10096411499995 -27.971811558999946, -64.10021607799996 -27.97206436299996, -64.09992629599998 -27.974853198999938, -64.09918121099997 -27.97562305499997, -64.09805969499996 -27.976395912999976, -64.09828301299996 -27.97720577299998, -64.09898498799998 -27.97748662899994)))",IGN03
areas_de_actividad_agropecuaria_AL270.1404,1404,2,Establecimiento Agropecuario,,,,IGN,-1,"MULTIPOLYGON (((-59.08074942899998 -34.42856478999994, -59.08132049999995 -34.42890743299995, -59.08228553499998 -34.427720163999936, -59.083209383999986 -34.42658356499993, -59.082037585999956 -34.42580846499993, -59.080324374999975 -34.427497882999944, -59.08087165099994 -34.42778341799993, -59.08029987499998 -34.42853020899997, -59.08074942899998 -34.42856478999994)))",Esri-World_Imagery 2010
areas_de_actividad_agropecuaria_AL270.1405,1405,2,Establecimiento Agropecuario,,,,IGN,-1,"MULTIPOLYGON (((-59.06183631699997 -34.41819785499996, -59.065024439999945 -34.420526061999965, -59.06592863499998 -34.419336330999954, -59.06372342699996 -34.41794710499994, -59.06306345099995 -34.41807909999994, -59.06183631699997 -34.41819785499996)))",Esri-World_Imagery 2010
areas_de_actividad_agropecuaria_AL270.1406,1406,2,Establecimiento Agropecuario,,,,IGN,-1,"MULTIPOLYGON (((-59.06552412699995 -34.33629314199993, -59.068807436999975 -34.33931482699995, -59.06922982399993 -34.338681245999965, -59.07009297999997 -34.337379872999975, -59.067046981999965 -34.334746492999955, -59.06552412699995 -34.33629314199993)))",Esri-World_Imagery 2010
areas_de_actividad_agropecuaria_AL270.1407,1407,2,Establecimiento Agropecuario,,,,IGN,-1,"MULTIPOLYGON (((-59.08132374799993 -34.333333332999985, -59.08306075499996 -34.33512720599998, -59.08358423599998 -34.33472269799995, -59.08196620299998 -34.333333332999985, -59.08132374799993 -34.333333332999985)))",Esri-World_Imagery 2010
areas_de_actividad_agropecuaria_AL270.1408,1408,2,Establecimiento Agropecuario,,,,IGN,-1,"MULTIPOLYGON (((-59.062744916999975 -34.34119483199993, -59.06038924999996 -34.34303653499995, -59.063201772999946 -34.345577798999955, -59.06594476199996 -34.343608837999966, -59.066445546999944 -34.34285766099998, -59.06505775299996 -34.34146608999998, -59.06407265599995 -34.34236552699997, -59.062744916999975 -34.34119483199993)))",Esri-World_Imagery 2010
areas_de_actividad_agropecuaria_AL270.1409,1409,2,Establecimiento Agropecuario,,,,IGN,-1,"MULTIPOLYGON (((-59.05709573099995 -34.495531547999974, -59.05927316399993 -34.49668513499995, -59.06142816199997 -34.49377524099998, -59.057548173999976 -34.491895614999976, -59.055323605999945 -34.49459269099998, -59.05709573099995 -34.495531547999974)))",Esri-World_Imagery 2010
areas_de_actividad_agropecuaria_AL270.1382,1382,2,Establecimiento Agropecuario,,,,IGN,-1,"MULTIPOLYGON (((-64.01041986699994 -27.94638314599996, -64.01008584699997 -27.946819252999944, -64.00998818499994 -27.947180899999978, -64.00946378199995 -27.948356243999967, -64.00830625799995 -27.949298530999954, -64.00771753599997 -27.94972729699998, -64.00730449799994 -27.950545274999968, -64.00713857699998 -27.951208639999948, -64.00691072999996 -27.95138008899994, -64.00718600399995 -27.952165883999953, -64.00731382499998 -27.952788099999964, -64.00700933099995 -27.95431145599997, -64.00794266699995 -27.95427078399996, -64.00853554399998 -27.95450332699994, -64.00876843999998 -27.954958474999955, -64.00869584099996 -27.95534817999993, -64.00852875499999 -27.955823178999935, -64.00851488999996 -27.95638165799994, -64.00857708599995 -27.956922659999975, -64.00889710599995 -27.957413480999946, -64.00919944599997 -27.957874406999963, -64.00962925399995 -27.958020121999937, -64.01005813999996 -27.95806659799996, -64.01002519699995 -27.95852998199996, -64.00954181199995 -27.958632773999966, -64.00909521999995 -27.958685671999945, -64.00883674599999 -27.958935679999968, -64.00852069699994 -27.95900415899996, -64.00825591899996 -27.958576037999933, -64.00821466899998 -27.95814627799996, -64.00817326499998 -27.957699979999973, -64.00804780199996 -27.95738339199994, -64.00745820899994 -27.95750615299994, -64.00723237999995 -27.957812374999946, -64.00651143999994 -27.958156060999954, -64.00596261599998 -27.958566166999958, -64.00595093499999 -27.959361516999934, -64.00620445399994 -27.95998572299993, -64.00651247599995 -27.96032188099997, -64.00699152399994 -27.960606025999937, -64.00718458799997 -27.96087534199995, -64.00701591899997 -27.961181144999955, -64.00686740099997 -27.96160524499993, -64.00694880499998 -27.962163026999974, -64.00759779099997 -27.962276719999977, -64.00839167399994 -27.961577163999948, -64.00947295099996 -27.961924486999976, -64.01005276099994 -27.96116224499997, -64.01108355099996 -27.960982786999978, -64.01127338499998 -27.96058032199994, -64.01120565699995 -27.96023704499993, -64.01043136999994 -27.960242731999983, -64.01042496699995 -27.959555228999932, -64.01197299699999 -27.95948655799998, -64.01327446799996 -27.959487494999962, -64.01360800699996 -27.96098064599994, -64.01432798099995 -27.960935362999976, -64.01432007199998 -27.959180553999943, -64.01521745499997 -27.959040941999945, -64.01548507599995 -27.959487618999958, -64.01633935299998 -27.959361377999983, -64.01648455299994 -27.958656176999966, -64.01651222899994 -27.957994192999934, -64.01610234899994 -27.95763624899996, -64.01569303399998 -27.95733846099995, -64.01525181799997 -27.957251473999975, -64.01510900299996 -27.956470423999974, -64.01447979499994 -27.95679351399997, -64.01433479999997 -27.95722464399995, -64.01411544999996 -27.95767286199998, -64.01393335199998 -27.958120804999965, -64.01363547299997 -27.958139539999934, -64.01318533399996 -27.957812039999965, -64.01325690699997 -27.957497236999927, -64.01301166799993 -27.957168225999965, -64.01308262399994 -27.956787264999946, -64.01272516199998 -27.95640945699995, -64.01254536199997 -27.95572332599994, -64.01237026099994 -27.954695820999973, -64.01236369799994 -27.954695217999983, -64.01200156399995 -27.95480097899997, -64.01203557699995 -27.95494574299994, -64.01210184299998 -27.955046764999963, -64.01216756899998 -27.955089785999974, -64.01210278899998 -27.95514826699997, -64.01180898499996 -27.955164928999977, -64.01162840899997 -27.955064747999984, -64.01144648199994 -27.954819560999965, -64.01124782099998 -27.95453099499997, -64.01111569599993 -27.954372449999937, -64.01109814999995 -27.95424206699994, -64.01124471299994 -27.95419748699993, -64.01122971599995 -27.952587946999984, -64.01171930999993 -27.95226534799997, -64.01169516299996 -27.951714445999983, -64.01180879299994 -27.951641103999975, -64.01203943399997 -27.951856927999984, -64.01221278999998 -27.95202074799994, -64.01221030299996 -27.951754162999976, -64.01220692299995 -27.951391652999973, -64.01220538599995 -27.95122686899998, -64.01239912999995 -27.950993473999972, -64.01255904199996 -27.950800835999928, -64.01350013799998 -27.951019282999937, -64.01360050699998 -27.949394713999936, -64.01369617799998 -27.94914748599996, -64.01400539199994 -27.94891679699998, -64.01400254299995 -27.948915215999932, -64.01320469499996 -27.94886927799996, -64.01279000499994 -27.948198753999975, -64.01289204899996 -27.947682464999957, -64.01273993099994 -27.947582888999932, -64.01277615999999 -27.947414797999954, -64.01302010399996 -27.947228394999968, -64.01322390199994 -27.946790549999946, -64.01346580699993 -27.946385988999964, -64.01346188999997 -27.94596645599995, -64.01327166599998 -27.945833595999943, -64.01293120499997 -27.945802535999974, -64.01236726499997 -27.946125552999945, -64.01155812499997 -27.946500715999946, -64.01116190799996 -27.94657075699996, -64.01108475599995 -27.94640349799994, -64.01098088899994 -27.946154820999936, -64.01104643899998 -27.94599052199993, -64.01191285399995 -27.94520827399998, -64.01210499799998 -27.944550706999962, -64.01168048399995 -27.944605905999936, -64.01123534599998 -27.945209622999982, -64.01071445799994 -27.945747178999966, -64.01041986699994 -27.94638314599996)))",IGN03
areas_de_actividad_agropecuaria_AL270.1383,1383,2,Establecimiento Agropecuario,,,,IGN,-1,"MULTIPOLYGON (((-64.06601431799999 -27.835616610999978, -64.06539896899994 -27.83595486799993, -64.06583443399995 -27.836589456999945, -64.06326371099993 -27.83784546399994, -64.06143394499998 -27.838739406999935, -64.06015756899995 -27.83936222999995, -64.05988230599996 -27.839044804999958, -64.05996678799994 -27.838816519999966, -64.06015271699994 -27.838314109999942, -64.06015271699994 -27.837876818999973, -64.06004686199998 -27.837714124999934, -64.05977596699995 -27.83729776599995, -64.05789352099998 -27.83834027399996, -64.05806359399998 -27.838758930999973, -64.05896895899997 -27.839031699999964, -64.05910324599995 -27.839149025999973, -64.05901168499997 -27.83945455199995, -64.05765982399998 -27.839833100999954, -64.05807690799998 -27.84013114399994, -64.05819278399997 -27.84043149499996, -64.05853196999993 -27.84046236499995, -64.05913438899995 -27.840457742999945, -64.05947064899993 -27.84018739299995, -64.06041094999995 -27.840079757999945, -64.06044664899997 -27.83987865699993, -64.06191438599996 -27.83980042899998, -64.06210035899994 -27.839564699999983, -64.06285141899997 -27.83935809199994, -64.06364208499997 -27.839351999999963, -64.06398420799997 -27.839684072999944, -64.06451099399993 -27.839646539999933, -64.06447007599996 -27.83931214499995, -64.06453884299998 -27.83864219399993, -64.06528858399997 -27.838301697999952, -64.06619088399998 -27.838160845999937, -64.06649470599996 -27.838426265999942, -64.06695011299996 -27.83879092799998, -64.06758951699999 -27.838719040999933, -64.06796831599996 -27.83895040799996, -64.06797093799997 -27.83921815499997, -64.06751945799994 -27.83925511999996, -64.06733447999994 -27.839591260999953, -64.06707452699993 -27.839961452999944, -64.06647538499993 -27.840300793999972, -64.06594696099995 -27.84017099299996, -64.06576197699997 -27.84050713199997, -64.06553901399997 -27.84081009299996, -64.06513106099999 -27.84144919199997, -64.06480298399998 -27.842556267999953, -64.06533272499996 -27.842819947999942, -64.06540835599998 -27.842852834999974, -64.06601176899994 -27.842948586999967, -64.06653562299994 -27.84260982899997, -64.06581761999996 -27.842347608999944, -64.06603731399997 -27.84170996299997, -64.06667706299999 -27.841671547999965, -64.06712396799998 -27.84116602699993, -64.06772802899997 -27.84132870999997, -64.06816837099996 -27.84015381599994, -64.06812580299999 -27.83965207999995, -64.06849706399998 -27.83911366999996, -64.06875157799993 -27.83908653499998, -64.06784684399997 -27.838081099999954, -64.06770768999996 -27.83796702199993, -64.06601431799999 -27.835616610999978)))",IGN03
areas_de_actividad_agropecuaria_AL270.1385,1385,2,Establecimiento Agropecuario,,,,IGN,-1,"MULTIPOLYGON (((-59.234834674999945 -34.45962774499998, -59.23864181299996 -34.46165028599995, -59.24037881899994 -34.459508770999946, -59.24066435399993 -34.45929461999998, -59.24120720099995 -34.45849503199997, -59.23712929799996 -34.45644251699997, -59.234834674999945 -34.45962774499998)))",Esri-World_Imagery 2010
areas_de_actividad_agropecuaria_AL270.1386,1386,2,Establecimiento Agropecuario,,,,IGN,-1,"MULTIPOLYGON (((-59.212952309999935 -34.481904947999965, -59.214956015999974 -34.48294084499997, -59.21677494199997 -34.48057280799998, -59.214728228999945 -34.47944865499994, -59.212952309999935 -34.481904947999965)))",Esri-World_Imagery 2010
areas_de_actividad_agropecuaria_AL270.1387,1387,2,Establecimiento Agropecuario,,,,IGN,-1,"MULTIPOLYGON (((-59.20968377199995 -34.484635879999985, -59.210611761999985 -34.48508797699998, -59.212952309999935 -34.481904947999965, -59.21211198599997 -34.48147050899996, -59.20968377199995 -34.484635879999985)))",Esri-World_Imagery 2010
areas_de_actividad_agropecuaria_AL270.1388,1388,2,Establecimiento Agropecuario,,,,IGN,-1,"MULTIPOLYGON (((-59.222842190999984 -34.479805573999954, -59.224464602999944 -34.480522776999976, -59.22581730899998 -34.47875291199995, -59.224174689999984 -34.47792579999998, -59.222842190999984 -34.479805573999954)))",Esri-World_Imagery 2010
areas_de_actividad_agropecuaria_AL270.1389,1389,2,Establecimiento Agropecuario,,,,IGN,-1,"MULTIPOLYGON (((-59.205660096999964 -34.36052686599993, -59.20579136499998 -34.36051661999994, -59.205922001999966 -34.36050018599997, -59.20605171799997 -34.36047760099996, -59.206180221999944 -34.36044891299997, -59.20630722699997 -34.36041418899998, -59.206432450999955 -34.360373504999984, -59.20655561299998 -34.360326950999934, -59.20667643999997 -34.36027463299996, -59.20679465999996 -34.36021666599993, -59.20504382299998 -34.35869100899998, -59.20214866099997 -34.35606323099995, -59.19979917799998 -34.35692457299996, -59.19770049299996 -34.35769551899995, -59.19557918099997 -34.35846473399994, -59.193809613999974 -34.35910640199995, -59.192522751999945 -34.35957303499998, -59.19191980199997 -34.35979167199997, -59.20510253599997 -34.36050118099996, -59.20524126699996 -34.360518086999946, -59.20538067199993 -34.36052801699998, -59.205520398999965 -34.36053094599998, -59.205660096999964 -34.36052686599993)))",Esri-World_Imagery 2010
areas_de_actividad_agropecuaria_AL270.1390,1390,2,Establecimiento Agropecuario,,,,IGN,-1,"MULTIPOLYGON (((-59.209897824999985 -34.35785806999996, -59.20816901899997 -34.35919652999996, -59.20821210499997 -34.35919028699993, -59.20825563899996 -34.35918989999993, -59.20829882899994 -34.359195376999935, -59.20834088899994 -34.35920661899996, -59.208381051999936 -34.35922341999998, -59.20841858899996 -34.35924547399998, -59.20845281499999 -34.35927238099998, -59.20848310699995 -34.35930364999996, -59.21055489299994 -34.36116612899997, -59.212182205999966 -34.36004730099995, -59.209897824999985 -34.35785806999996)))",Esri-World_Imagery 2010
areas_de_actividad_agropecuaria_AL270.1391,1391,2,Establecimiento Agropecuario,,,,IGN,-1,"MULTIPOLYGON (((-59.14774164299996 -34.37795988399995, -59.148674391999975 -34.378911667999944, -59.149759425999946 -34.37811216899996, -59.147813750999944 -34.37633691499997, -59.147473641999966 -34.37661500399997, -59.14812235699998 -34.377293634999944, -59.14774164299996 -34.37795988399995)))",Esri-World_Imagery 2010
areas_de_actividad_agropecuaria_AL270.1392,1392,2,Establecimiento Agropecuario,,,,IGN,-1,"MULTIPOLYGON (((-59.131806713999936 -34.40579453799995, -59.13295298699995 -34.40689067599993, -59.13681515799993 -34.40398166899996, -59.13381184899998 -34.401036691999934, -59.133422121999956 -34.40134047099997, -59.13253702199995 -34.40203037999993, -59.12957002099995 -34.40434306699996, -59.131806713999936 -34.40579453799995)))",Esri-World_Imagery 2010
areas_de_actividad_agropecuaria_AL270.1393,1393,2,Establecimiento Agropecuario,,,,IGN,-1,"MULTIPOLYGON (((-59.13672790199996 -34.38517401599995, -59.138811525999984 -34.38688048299997, -59.141666878999956 -34.38447722799998, -59.139796359999934 -34.382745643999954, -59.13672790199996 -34.38517401599995)))",Esri-World_Imagery 2010
areas_de_actividad_agropecuaria_AL270.1394,1394,2,Establecimiento Agropecuario,,,,IGN,-1,"MULTIPOLYGON (((-59.12414187999997 -34.38839365599995, -59.12636523599997 -34.390310341999964, -59.12871091399995 -34.38843889399993, -59.129269886999964 -34.387975034999954, -59.12805636199994 -34.38692807199993, -59.12610520399994 -34.38688048299997, -59.12414187999997 -34.38839365599995)))",Esri-World_Imagery 2010
areas_de_actividad_agropecuaria_AL270.1395,1395,2,Establecimiento Agropecuario,,,,IGN,-1,"MULTIPOLYGON (((-59.12977901399995 -34.37353302399998, -59.13225103899998 -34.37359983599998, -59.132586049999986 -34.373338728999954, -59.12994089499995 -34.371026927999935, -59.12840345799998 -34.37229585999995, -59.12977901399995 -34.37353302399998)))",Esri-World_Imagery 2010
areas_de_actividad_agropecuaria_AL270.1396,1396,2,Establecimiento Agropecuario,,,,IGN,-1,"MULTIPOLYGON (((-59.13317220299996 -34.360063957999955, -59.134844863999945 -34.36187021999996, -59.13599790599994 -34.36096072799995, -59.13524726899993 -34.36016775599995, -59.134338138999965 -34.35920735199994, -59.13317220299996 -34.360063957999955)))",Esri-World_Imagery 2010
areas_de_actividad_agropecuaria_AL270.1397,1397,2,Establecimiento Agropecuario,,,,IGN,-1,"MULTIPOLYGON (((-59.13524726899993 -34.36016775599995, -59.13599790599994 -34.36096072799995, -59.136668535999945 -34.360431749999975, -59.13747062099998 -34.35979908499996, -59.13801681699994 -34.35936825799996, -59.13707451899995 -34.35861248599997, -59.136718653999935 -34.35889717799995, -59.13588478899993 -34.359564270999954, -59.13524726899993 -34.36016775599995)))",Esri-World_Imagery 2010
areas_de_actividad_agropecuaria_AL270.1398,1398,2,Establecimiento Agropecuario,,,,IGN,-1,"MULTIPOLYGON (((-59.12717596199997 -34.35168825499994, -59.128008772999976 -34.35244968199993, -59.12867502199998 -34.35192620099997, -59.12791359499994 -34.35102200599994, -59.12717596199997 -34.35168825499994)))",Esri-World_Imagery 2010
areas_de_actividad_agropecuaria_AL270.1411,1411,2,Establecimiento Agropecuario,,,,IGN,-1,"MULTIPOLYGON (((-59.05675581299994 -34.44928184799994, -59.06029377599998 -34.451123148999955, -59.06086202399996 -34.45037478199998, -59.05956056499997 -34.44960203499994, -59.05854040899993 -34.44899631299995, -59.05865938199997 -34.448805955999944, -59.05748154899993 -34.44825867999998, -59.05675581299994 -34.44928184799994)))",Esri-World_Imagery 2010
areas_de_actividad_agropecuaria_AL270.1412,1412,2,Establecimiento Agropecuario,,,,IGN,-1,"MULTIPOLYGON (((-59.04260827699994 -34.43467197299998, -59.04445399999997 -34.43577840699993, -59.04458994999993 -34.435694844999944, -59.04335262999996 -34.43371989299993, -59.04260827699994 -34.43467197299998)))",Esri-World_Imagery 2010
areas_de_actividad_agropecuaria_AL270.1413,1413,2,Establecimiento Agropecuario,,,,IGN,-1,"MULTIPOLYGON (((-59.05212108499995 -34.425859842999955, -59.054597799999954 -34.42671169899995, -59.05594116899994 -34.42715852899994, -59.05627992099994 -34.42695952899993, -59.056589250999934 -34.42588877199995, -59.05457860599995 -34.42565082599998, -59.05451911999995 -34.425769798999966, -59.05399563799995 -34.42582928599995, -59.05382907599994 -34.42597205299995, -59.052853496999944 -34.42557944199996, -59.05212108499995 -34.425859842999955)))",Esri-World_Imagery 2010
areas_de_actividad_agropecuaria_AL270.1414,1414,2,Establecimiento Agropecuario,,,,IGN,-1,"MULTIPOLYGON (((-59.040563591999955 -34.42294247199993, -59.04032565999995 -34.42325430899996, -59.043615226999975 -34.42206194899995, -59.04373839799996 -34.42201730399995, -59.04193890999994 -34.42113996299997, -59.040563591999955 -34.42294247199993)))",Esri-World_Imagery 2010
areas_de_actividad_agropecuaria_AL270.1419,1419,2,Establecimiento Agropecuario,,,,IGN,6,"MULTIPOLYGON (((-70.93370222499993 -39.22630672599996, -70.93399600199996 -39.22941872999996, -70.93549376199996 -39.22922407899995, -70.93560296399994 -39.22918413699995, -70.93566185699996 -39.229097371999956, -70.93560971599999 -39.228983857999935, -70.93556930099999 -39.228851084999974, -70.93567693099999 -39.22875397799993, -70.93584397699993 -39.228589161999935, -70.93587938399997 -39.22840452799994, -70.93588171599998 -39.22817866899993, -70.93592560799993 -39.22717610099994, -70.93591897699997 -39.22708189799994, -70.93596019999995 -39.22674321399995, -70.93597753399996 -39.22642561699996, -70.93596612499994 -39.22639562099994, -70.93592799899994 -39.226295378999964, -70.93593597899996 -39.22626808599995, -70.93603661699996 -39.226077301999965, -70.93561621299995 -39.22594131499994, -70.93370222499993 -39.22630672599996)))",Esri-Word_Imagery
areas_de_actividad_agropecuaria_AL270.1424,1424,2,Establecimiento Agropecuario,,,,IGN,6,"MULTIPOLYGON (((-69.21913561199995 -38.98539740799998, -69.21902139799994 -38.98606365699993, -69.21872671899996 -38.98626299799997, -69.21918677099995 -38.986226649999935, -69.21951121099994 -38.98613440699995, -69.21979353299997 -38.986054138999975, -69.22081075299997 -38.986036292999984, -69.22173874299995 -38.98699997499995, -69.22181607499994 -38.98759483999993, -69.22215514799996 -38.98766027499994, -69.22319021399994 -38.98774355599994, -69.22335959799994 -38.98784372899996, -69.22374343899997 -38.98807073199998, -69.22431807799995 -38.988081439999974, -69.22427524799997 -38.984740676999934, -69.22133635099993 -38.98476838399995, -69.22005316999997 -38.98478048099997, -69.21996366499997 -38.98495006899998, -69.21943957299999 -38.985233198999936, -69.21913561199995 -38.98539740799998)))",Esri-Word_Imagery
areas_de_actividad_agropecuaria_AL270.1429,1429,2,Establecimiento Agropecuario,,,,IGN,-1,"MULTIPOLYGON (((-68.45430603399996 -39.03201270499994, -68.45422037299994 -39.03198415099996, -68.45410972799993 -39.032084088999966, -68.45418825099995 -39.03214476499994, -68.45422037299994 -39.03212334999995, -68.45424892699998 -39.03212691899995, -68.45430603399996 -39.03201270499994)))",Esri-World_imagery
areas_de_actividad_agropecuaria_AL270.1430,1430,2,Establecimiento Agropecuario,,,,IGN,-1,"MULTIPOLYGON (((-68.46891202099994 -39.03668184099996, -68.46788885299998 -39.03616430799997, -68.46760331799999 -39.03658071399997, -68.46804946699996 -39.03683055799996, -68.46809110699996 -39.03679486599998, -68.46824577199999 -39.03666994399998, -68.46865028099995 -39.03686030099993, -68.46891202099994 -39.03668184099996)))",Esri-World_imagery
